stage,stem,page,seconds,start_rss_mb,peak_rss_mb,peak_rss_delta_mb,output_len,status,start,eligible_pages,population_pages
parse_pdfplumber,AKAM_10K_20241231,1,0.012,1543,1543,0,2671,ok,n/a,160,160
parse_pdfplumber,AKAM_10K_20241231,3,0.005,1543,1543,0,1407,ok,n/a,160,160
parse_pdfplumber,AKAM_10K_20241231,4,0.909,1543,1544,0,5074,ok,n/a,160,160
parse_pdfplumber,AKAM_10K_20241231,6,0.021,1544,1544,0,5176,ok,n/a,160,160
parse_pdfplumber,AKAM_10K_20241231,7,0.021,1544,1544,0,5032,ok,n/a,160,160
parse_pdfplumber,AKAM_10K_20241231,9,0.02,1544,1545,0,4838,ok,n/a,160,160
parse_pdfplumber,AKAM_10K_20241231,11,0.023,1545,1545,0,5525,ok,n/a,160,160
parse_pdfplumber,AKAM_10K_20241231,12,0.023,1545,1545,0,5601,ok,n/a,160,160
parse_pdfplumber,AKAM_10K_20241231,14,0.025,1545,1546,0,6268,ok,n/a,160,160
parse_pdfplumber,AKAM_10K_20241231,15,0.025,1546,1546,0,6274,ok,n/a,160,160
parse_pdfplumber,AKAM_10K_20241231,17,0.026,1546,1546,0,5833,ok,n/a,160,160
parse_pdfplumber,AKAM_10K_20241231,19,0.022,1546,1547,0,5510,ok,n/a,160,160
parse_pdfplumber,AKAM_10K_20241231,20,0.025,1547,1547,0,5841,ok,n/a,160,160
parse_pdfplumber,AKAM_10K_20241231,22,0.024,1547,1548,0,5951,ok,n/a,160,160
parse_pdfplumber,AKAM_10K_20241231,23,0.029,1548,1548,0,5879,ok,n/a,160,160
parse_pdfplumber,AKAM_10K_20241231,25,0.023,1548,1548,0,5135,ok,n/a,160,160
parse_pdfplumber,AKAM_10K_20241231,27,0.016,1548,1548,0,3933,ok,n/a,160,160
parse_pdfplumber,AKAM_10K_20241231,28,0.026,1548,1549,0,5162,ok,n/a,160,160
parse_pdfplumber,AKAM_10K_20241231,30,0.013,1549,1549,0,2799,ok,n/a,160,160
parse_pdfplumber,AKAM_10K_20241231,32,0.016,1549,1549,0,3707,ok,n/a,160,160
parse_pdfplumber,AKAM_10K_20241231,33,0.015,1549,1549,0,3318,ok,n/a,160,160
parse_pdfplumber,AKAM_10K_20241231,35,0.017,1549,1550,0,3781,ok,n/a,160,160
parse_pdfplumber,AKAM_10K_20241231,36,0.02,1550,1550,0,4204,ok,n/a,160,160
parse_pdfplumber,AKAM_10K_20241231,38,0.024,1550,1551,1,5345,ok,n/a,160,160
parse_pdfplumber,AKAM_10K_20241231,40,0.018,1551,1551,0,3777,ok,n/a,160,160
parse_pdfplumber,AKAM_10K_20241231,41,0.017,1551,1551,0,3785,ok,n/a,160,160
parse_pdfplumber,AKAM_10K_20241231,43,0.018,1551,1551,0,3931,ok,n/a,160,160
parse_pdfplumber,AKAM_10K_20241231,44,0.022,1551,1552,0,4864,ok,n/a,160,160
parse_pdfplumber,AKAM_10K_20241231,46,0.026,1552,1552,0,5596,ok,n/a,160,160
parse_pdfplumber,AKAM_10K_20241231,48,0.021,1552,1552,0,4755,ok,n/a,160,160
parse_pdfplumber,AKAM_10K_20241231,49,0.023,1552,1553,0,4881,ok,n/a,160,160
parse_pdfplumber,AKAM_10K_20241231,51,0.008,1553,1553,0,1974,ok,n/a,160,160
parse_pdfplumber,AKAM_10K_20241231,52,0.01,1553,1553,0,2276,ok,n/a,160,160
parse_pdfplumber,AKAM_10K_20241231,54,0.003,1553,1553,0,696,ok,n/a,160,160
parse_pdfplumber,AKAM_10K_20241231,56,0.013,1553,1553,0,2348,ok,n/a,160,160
parse_pdfplumber,AKAM_10K_20241231,57,0.006,1553,1553,0,1158,ok,n/a,160,160
parse_pdfplumber,AKAM_10K_20241231,59,0.021,1553,1554,1,4816,ok,n/a,160,160
parse_pdfplumber,AKAM_10K_20241231,60,0.026,1554,1554,0,5577,ok,n/a,160,160
parse_pdfplumber,AKAM_10K_20241231,62,0.023,1554,1554,0,4878,ok,n/a,160,160
parse_pdfplumber,AKAM_10K_20241231,64,0.021,1554,1555,0,4923,ok,n/a,160,160
parse_pdfplumber,AKAM_10K_20241231,65,0.021,1555,1555,0,4990,ok,n/a,160,160
parse_pdfplumber,AKAM_10K_20241231,67,0.01,1555,1555,0,2661,ok,n/a,160,160
parse_pdfplumber,AKAM_10K_20241231,68,0.008,1555,1555,0,1949,ok,n/a,160,160
parse_pdfplumber,AKAM_10K_20241231,70,0.013,1555,1555,0,2668,ok,n/a,160,160
parse_pdfplumber,AKAM_10K_20241231,72,0.019,1555,1556,0,4499,ok,n/a,160,160
parse_pdfplumber,AKAM_10K_20241231,73,0.008,1556,1556,0,2257,ok,n/a,160,160
parse_pdfplumber,AKAM_10K_20241231,75,0.013,1556,1556,0,3240,ok,n/a,160,160
parse_pdfplumber,AKAM_10K_20241231,76,0.014,1556,1556,0,3435,ok,n/a,160,160
parse_pdfplumber,AKAM_10K_20241231,78,0.009,1556,1556,0,2251,ok,n/a,160,160
parse_pdfplumber,AKAM_10K_20241231,80,0.016,1556,1557,0,3374,ok,n/a,160,160
parse_pdfplumber,AKAM_10K_20241231,81,0.013,1557,1557,0,3367,ok,n/a,160,160
parse_pdfplumber,AKAM_10K_20241231,83,0.015,1557,1557,0,3428,ok,n/a,160,160
parse_pdfplumber,AKAM_10K_20241231,85,0.012,1557,1557,0,2968,ok,n/a,160,160
parse_pdfplumber,AKAM_10K_20241231,86,0.008,1557,1557,0,1637,ok,n/a,160,160
parse_pdfplumber,AKAM_10K_20241231,88,0.018,1557,1558,0,3950,ok,n/a,160,160
parse_pdfplumber,AKAM_10K_20241231,89,0.011,1558,1558,0,2609,ok,n/a,160,160
parse_pdfplumber,AKAM_10K_20241231,91,0.016,1558,1558,0,4237,ok,n/a,160,160
parse_pdfplumber,AKAM_10K_20241231,93,0.005,1558,1558,0,1169,ok,n/a,160,160
parse_pdfplumber,AKAM_10K_20241231,94,0.013,1558,1558,0,3355,ok,n/a,160,160
parse_pdfplumber,AKAM_10K_20241231,96,0.002,1558,1558,0,449,ok,n/a,160,160
parse_pdfplumber,AKAM_10K_20241231,97,0.007,1558,1558,0,1619,ok,n/a,160,160
parse_pdfplumber,AKAM_10Q_20250930,2,0.752,1558,1590,31,1,ok,n/a,160,160
parse_pdfplumber,AKAM_10Q_20250930,4,0.006,1590,1590,0,908,ok,n/a,160,160
parse_pdfplumber,AKAM_10Q_20250930,5,0.008,1590,1590,0,1687,ok,n/a,160,160
parse_pdfplumber,AKAM_10Q_20250930,7,0.003,1590,1590,0,802,ok,n/a,160,160
parse_pdfplumber,AKAM_10Q_20250930,8,0.007,1590,1590,0,1660,ok,n/a,160,160
parse_pdfplumber,AKAM_10Q_20250930,10,0.005,1590,1590,0,1002,ok,n/a,160,160
parse_pdfplumber,AKAM_10Q_20250930,12,0.005,1590,1590,0,1321,ok,n/a,160,160
parse_pdfplumber,AKAM_10Q_20250930,13,0.005,1590,1590,0,1143,ok,n/a,160,160
parse_pdfplumber,AKAM_10Q_20250930,15,0.008,1590,1590,0,1877,ok,n/a,160,160
parse_pdfplumber,AKAM_10Q_20250930,16,0.011,1590,1591,0,2609,ok,n/a,160,160
parse_pdfplumber,AKAM_10Q_20250930,18,0.009,1591,1591,0,2054,ok,n/a,160,160
parse_pdfplumber,AKAM_10Q_20250930,20,0.013,1591,1591,0,2895,ok,n/a,160,160
parse_pdfplumber,AKAM_10Q_20250930,21,0.02,1591,1591,1,4735,ok,n/a,160,160
parse_pdfplumber,AKAM_10Q_20250930,23,0.013,1591,1591,0,3082,ok,n/a,160,160
parse_pdfplumber,AKAM_10Q_20250930,24,0.015,1591,1592,0,3443,ok,n/a,160,160
parse_pdfplumber,AKAM_10Q_20250930,26,0.013,1592,1592,0,2892,ok,n/a,160,160
parse_pdfplumber,AKAM_10Q_20250930,28,0.025,1592,1593,1,5715,ok,n/a,160,160
parse_pdfplumber,AKAM_10Q_20250930,29,0.023,1593,1593,0,5099,ok,n/a,160,160
parse_pdfplumber,AKAM_10Q_20250930,31,0.014,1593,1593,0,3104,ok,n/a,160,160
parse_pdfplumber,AKAM_10Q_20250930,32,0.009,1593,1593,0,2256,ok,n/a,160,160
parse_pdfplumber,AKAM_10Q_20250930,34,0.015,1593,1593,0,3310,ok,n/a,160,160
parse_pdfplumber,AKAM_10Q_20250930,36,0.022,1593,1594,0,4973,ok,n/a,160,160
parse_pdfplumber,AKAM_10Q_20250930,37,0.021,1594,1594,0,4750,ok,n/a,160,160
parse_pdfplumber,AKAM_10Q_20250930,39,0.015,1594,1594,0,3714,ok,n/a,160,160
parse_pdfplumber,AKAM_10Q_20250930,41,0.01,1594,1594,0,2493,ok,n/a,160,160
parse_pdfplumber,AKAM_10Q_20250930,42,0.018,1594,1595,0,4102,ok,n/a,160,160
parse_pdfplumber,AKAM_10Q_20250930,44,0.02,1595,1595,0,4762,ok,n/a,160,160
parse_pdfplumber,AKAM_10Q_20250930,45,0.007,1595,1595,0,1703,ok,n/a,160,160
parse_pdfplumber,AKAM_10Q_20250930,47,0.026,1595,1595,0,5323,ok,n/a,160,160
parse_pdfplumber,AKAM_10Q_20250930,49,0.03,1595,1596,0,6251,ok,n/a,160,160
parse_pdfplumber,AKAM_10Q_20250930,50,0.026,1596,1596,0,5866,ok,n/a,160,160
parse_pdfplumber,AKAM_10Q_20250930,52,0.024,1596,1597,0,5501,ok,n/a,160,160
parse_pdfplumber,AKAM_10Q_20250930,53,0.023,1597,1597,0,5444,ok,n/a,160,160
parse_pdfplumber,AKAM_10Q_20250930,55,0.026,1597,1597,0,5725,ok,n/a,160,160
parse_pdfplumber,AKAM_10Q_20250930,57,0.027,1597,1598,0,6047,ok,n/a,160,160
parse_pdfplumber,AKAM_10Q_20250930,58,0.027,1598,1598,0,5899,ok,n/a,160,160
parse_pdfplumber,AKAM_10Q_20250930,60,0.025,1598,1598,0,5336,ok,n/a,160,160
parse_pdfplumber,AKAM_10Q_20250930,61,0.016,1598,1599,0,3708,ok,n/a,160,160
parse_pdfplumber,AKAM_10Q_20250930,63,0.002,1599,1599,0,391,ok,n/a,160,160
