section,label,period,expected_as_printed
current liabilities,convertible senior notes,2023,
"preferred stock, $0.01 par value; 5,000,000 shares authorized; 700,000 shares designated as series a",junior participating preferred stock; no shares issued or outstanding,2024,
"preferred stock, $0.01 par value; 5,000,000 shares authorized; 700,000 shares designated as series a",junior participating preferred stock; no shares issued or outstanding,2023,
"150,025,096 shares outstanding at december 31, 2024, and 151,232,908 shares issued and outstanding",accumulated other comprehensive loss,2024,
current assets,cash and cash equivalents,2024,
,marketable securities,2024,
,deferred income tax assets,2024,
current liabilities,deferred revenue,2024,
,deferred revenue,2023,
,total liabilities,2023,
