stem,path,statement,section,section_source,label,period,raw,pdf_value,concept,method,xbrl_value,status,diagnosis
AKAM_10K_20241231,traditional,income_statement,,extracted,revenue,2024,"3,991,168",3991168000.0,RevenueFromContractWithCustomerIncludingAssessedTax,manual,3991168000.0,match,
AKAM_10K_20241231,traditional,income_statement,,extracted,revenue,2023,"3,811,920",3811920000.0,RevenueFromContractWithCustomerIncludingAssessedTax,manual,3811920000.0,match,
AKAM_10K_20241231,traditional,income_statement,,extracted,revenue,2022,"3,616,654",3616654000.0,RevenueFromContractWithCustomerIncludingAssessedTax,manual,3616654000.0,match,
AKAM_10K_20241231,traditional,income_statement,cost of revenue (exclusive of amortization of acquired intangible assets shown,extracted,below),2024,"1,620,793",1620793000.0,CostOfRevenue,suffix,1620793000.0,match,
AKAM_10K_20241231,traditional,income_statement,cost of revenue (exclusive of amortization of acquired intangible assets shown,extracted,below),2023,"1,511,063",1511063000.0,CostOfRevenue,suffix,1511063000.0,match,
AKAM_10K_20241231,traditional,income_statement,cost of revenue (exclusive of amortization of acquired intangible assets shown,extracted,below),2022,"1,383,819",1383819000.0,CostOfRevenue,suffix,1383819000.0,match,
AKAM_10K_20241231,traditional,income_statement,cost of revenue (exclusive of amortization of acquired intangible assets shown,extracted,research and development,2024,"470,876",470876000.0,ResearchAndDevelopmentExpense,manual,470876000.0,match,
AKAM_10K_20241231,traditional,income_statement,cost of revenue (exclusive of amortization of acquired intangible assets shown,extracted,research and development,2023,"406,048",406048000.0,ResearchAndDevelopmentExpense,manual,406048000.0,match,
AKAM_10K_20241231,traditional,income_statement,cost of revenue (exclusive of amortization of acquired intangible assets shown,extracted,research and development,2022,"391,434",391434000.0,ResearchAndDevelopmentExpense,manual,391434000.0,match,
AKAM_10K_20241231,traditional,income_statement,cost of revenue (exclusive of amortization of acquired intangible assets shown,extracted,sales and marketing,2024,"556,781",556781000.0,SellingAndMarketingExpense,manual,556781000.0,match,
AKAM_10K_20241231,traditional,income_statement,cost of revenue (exclusive of amortization of acquired intangible assets shown,extracted,sales and marketing,2023,"533,226",533226000.0,SellingAndMarketingExpense,manual,533226000.0,match,
AKAM_10K_20241231,traditional,income_statement,cost of revenue (exclusive of amortization of acquired intangible assets shown,extracted,sales and marketing,2022,"502,409",502409000.0,SellingAndMarketingExpense,manual,502409000.0,match,
AKAM_10K_20241231,traditional,income_statement,cost of revenue (exclusive of amortization of acquired intangible assets shown,extracted,general and administrative,2024,"621,785",621785000.0,GeneralAndAdministrativeExpense,manual,621785000.0,match,
AKAM_10K_20241231,traditional,income_statement,cost of revenue (exclusive of amortization of acquired intangible assets shown,extracted,general and administrative,2023,"600,851",600851000.0,GeneralAndAdministrativeExpense,manual,600851000.0,match,
AKAM_10K_20241231,traditional,income_statement,cost of revenue (exclusive of amortization of acquired intangible assets shown,extracted,general and administrative,2022,"584,206",584206000.0,GeneralAndAdministrativeExpense,manual,584206000.0,match,
AKAM_10K_20241231,traditional,income_statement,cost of revenue (exclusive of amortization of acquired intangible assets shown,extracted,amortization of acquired intangible assets,2024,"92,081",92081000.0,AmortizationOfIntangibleAssets,manual,92081000.0,match,
AKAM_10K_20241231,traditional,income_statement,cost of revenue (exclusive of amortization of acquired intangible assets shown,extracted,amortization of acquired intangible assets,2023,"66,751",66751000.0,AmortizationOfIntangibleAssets,manual,66751000.0,match,
AKAM_10K_20241231,traditional,income_statement,cost of revenue (exclusive of amortization of acquired intangible assets shown,extracted,amortization of acquired intangible assets,2022,"64,983",64983000.0,AmortizationOfIntangibleAssets,manual,64983000.0,match,
AKAM_10K_20241231,traditional,income_statement,cost of revenue (exclusive of amortization of acquired intangible assets shown,extracted,restructuring charge,2024,"95,441",95441000.0,RestructuringCharges,manual,95441000.0,match,
AKAM_10K_20241231,traditional,income_statement,cost of revenue (exclusive of amortization of acquired intangible assets shown,extracted,restructuring charge,2023,"56,643",56643000.0,RestructuringCharges,manual,56643000.0,match,
AKAM_10K_20241231,traditional,income_statement,cost of revenue (exclusive of amortization of acquired intangible assets shown,extracted,restructuring charge,2022,"13,529",13529000.0,RestructuringCharges,manual,13529000.0,match,
AKAM_10K_20241231,traditional,income_statement,cost of revenue (exclusive of amortization of acquired intangible assets shown,extracted,total costs and operating expenses,2024,"3,457,757",3457757000.0,CostsAndExpenses,manual,3457757000.0,match,
AKAM_10K_20241231,traditional,income_statement,cost of revenue (exclusive of amortization of acquired intangible assets shown,extracted,total costs and operating expenses,2023,"3,174,582",3174582000.0,CostsAndExpenses,manual,3174582000.0,match,
AKAM_10K_20241231,traditional,income_statement,cost of revenue (exclusive of amortization of acquired intangible assets shown,extracted,total costs and operating expenses,2022,"2,940,380",2940380000.0,CostsAndExpenses,manual,2940380000.0,match,
AKAM_10K_20241231,traditional,income_statement,,extracted,income from operations,2024,"533,411",533411000.0,OperatingIncomeLoss,manual,533411000.0,match,
AKAM_10K_20241231,traditional,income_statement,,extracted,income from operations,2023,"637,338",637338000.0,OperatingIncomeLoss,manual,637338000.0,match,
AKAM_10K_20241231,traditional,income_statement,,extracted,income from operations,2022,"676,274",676274000.0,OperatingIncomeLoss,manual,676274000.0,match,
AKAM_10K_20241231,traditional,income_statement,,extracted,"interest and marketable securities income, net",2024,"100,280",100280000.0,InterestAndMarketableSecuritiesIncomeLossNet,manual,100280000.0,match,
AKAM_10K_20241231,traditional,income_statement,,extracted,"interest and marketable securities income, net",2023,"45,194",45194000.0,InterestAndMarketableSecuritiesIncomeLossNet,manual,45194000.0,match,
AKAM_10K_20241231,traditional,income_statement,,extracted,"interest and marketable securities income, net",2022,"3,258",3258000.0,InterestAndMarketableSecuritiesIncomeLossNet,manual,3258000.0,match,
AKAM_10K_20241231,traditional,income_statement,,extracted,interest expense,2024,"(27,117)",-27117000.0,InterestExpenseNonoperating,manual,27117000.0,sign,"Presentation sign convention: PDF and XBRL magnitudes agree within reported precision, but their signs differ. Preserved both source signs and retained the explicit sign classification; no value was silently flipped."
AKAM_10K_20241231,traditional,income_statement,,extracted,interest expense,2023,"(17,709)",-17709000.0,InterestExpenseNonoperating,manual,17709000.0,sign,"Presentation sign convention: PDF and XBRL magnitudes agree within reported precision, but their signs differ. Preserved both source signs and retained the explicit sign classification; no value was silently flipped."
AKAM_10K_20241231,traditional,income_statement,,extracted,interest expense,2022,"(11,096)",-11096000.0,InterestExpenseNonoperating,manual,11096000.0,sign,"Presentation sign convention: PDF and XBRL magnitudes agree within reported precision, but their signs differ. Preserved both source signs and retained the explicit sign classification; no value was silently flipped."
AKAM_10K_20241231,traditional,income_statement,,extracted,"other expense, net",2024,"(19,561)",-19561000.0,OtherNonoperatingExpenseNet,manual,19561000.0,sign,"Presentation sign convention: PDF and XBRL magnitudes agree within reported precision, but their signs differ. Preserved both source signs and retained the explicit sign classification; no value was silently flipped."
AKAM_10K_20241231,traditional,income_statement,,extracted,"other expense, net",2023,"(12,296)",-12296000.0,OtherNonoperatingExpenseNet,manual,12296000.0,sign,"Presentation sign convention: PDF and XBRL magnitudes agree within reported precision, but their signs differ. Preserved both source signs and retained the explicit sign classification; no value was silently flipped."
AKAM_10K_20241231,traditional,income_statement,,extracted,"other expense, net",2022,"(10,433)",-10433000.0,OtherNonoperatingExpenseNet,manual,10433000.0,sign,"Presentation sign convention: PDF and XBRL magnitudes agree within reported precision, but their signs differ. Preserved both source signs and retained the explicit sign classification; no value was silently flipped."
AKAM_10K_20241231,traditional,income_statement,,extracted,income before provision for income taxes,2024,"587,013",587013000.0,IncomeLossFromContinuingOperationsBeforeIncomeTaxesMinorityInterestAndIncomeLossFromEquityMethodInvestments,manual,587013000.0,match,
AKAM_10K_20241231,traditional,income_statement,,extracted,income before provision for income taxes,2023,"652,527",652527000.0,IncomeLossFromContinuingOperationsBeforeIncomeTaxesMinorityInterestAndIncomeLossFromEquityMethodInvestments,manual,652527000.0,match,
AKAM_10K_20241231,traditional,income_statement,,extracted,income before provision for income taxes,2022,"658,003",658003000.0,IncomeLossFromContinuingOperationsBeforeIncomeTaxesMinorityInterestAndIncomeLossFromEquityMethodInvestments,manual,658003000.0,match,
AKAM_10K_20241231,traditional,income_statement,,extracted,provision for income taxes,2024,"(82,095)",-82095000.0,IncomeTaxExpenseBenefit,manual,82095000.0,sign,"Presentation sign convention: PDF and XBRL magnitudes agree within reported precision, but their signs differ. Preserved both source signs and retained the explicit sign classification; no value was silently flipped."
AKAM_10K_20241231,traditional,income_statement,,extracted,provision for income taxes,2023,"(106,373)",-106373000.0,IncomeTaxExpenseBenefit,manual,106373000.0,sign,"Presentation sign convention: PDF and XBRL magnitudes agree within reported precision, but their signs differ. Preserved both source signs and retained the explicit sign classification; no value was silently flipped."
AKAM_10K_20241231,traditional,income_statement,,extracted,provision for income taxes,2022,"(126,696)",-126696000.0,IncomeTaxExpenseBenefit,manual,126696000.0,sign,"Presentation sign convention: PDF and XBRL magnitudes agree within reported precision, but their signs differ. Preserved both source signs and retained the explicit sign classification; no value was silently flipped."
AKAM_10K_20241231,traditional,income_statement,,extracted,gain (loss) from equity method investment,2024,—,0.0,IncomeLossFromEquityMethodInvestments,manual,0.0,match,
AKAM_10K_20241231,traditional,income_statement,,extracted,gain (loss) from equity method investment,2023,"1,475",1475000.0,IncomeLossFromEquityMethodInvestments,manual,1475000.0,match,
AKAM_10K_20241231,traditional,income_statement,,extracted,gain (loss) from equity method investment,2022,"(7,635)",-7635000.0,IncomeLossFromEquityMethodInvestments,manual,-7635000.0,match,
AKAM_10K_20241231,traditional,income_statement,,extracted,net income,2024,"504,918",504918000.0,NetIncomeLoss,manual,504918000.0,match,
AKAM_10K_20241231,traditional,income_statement,,extracted,net income,2023,"547,629",547629000.0,NetIncomeLoss,manual,547629000.0,match,
AKAM_10K_20241231,traditional,income_statement,,extracted,net income,2022,"523,672",523672000.0,NetIncomeLoss,manual,523672000.0,match,
AKAM_10K_20241231,traditional,income_statement,net income per share,extracted,basic,2024,3.34,3.34,EarningsPerShareBasic,manual,3.34,match,
AKAM_10K_20241231,traditional,income_statement,net income per share,extracted,basic,2023,3.59,3.59,EarningsPerShareBasic,manual,3.59,match,
AKAM_10K_20241231,traditional,income_statement,net income per share,extracted,basic,2022,3.29,3.29,EarningsPerShareBasic,manual,3.29,match,
AKAM_10K_20241231,traditional,income_statement,net income per share,extracted,diluted,2024,3.27,3.27,EarningsPerShareDiluted,manual,3.27,match,
AKAM_10K_20241231,traditional,income_statement,net income per share,extracted,diluted,2023,3.52,3.52,EarningsPerShareDiluted,manual,3.52,match,
AKAM_10K_20241231,traditional,income_statement,net income per share,extracted,diluted,2022,3.26,3.26,EarningsPerShareDiluted,manual,3.26,match,
AKAM_10K_20241231,traditional,income_statement,shares used in per share calculations,extracted,basic,2024,"151,392",151392000.0,WeightedAverageNumberOfSharesOutstandingBasic,manual,151392000.0,match,
AKAM_10K_20241231,traditional,income_statement,shares used in per share calculations,extracted,basic,2023,"152,510",152510000.0,WeightedAverageNumberOfSharesOutstandingBasic,manual,152510000.0,match,
AKAM_10K_20241231,traditional,income_statement,shares used in per share calculations,extracted,basic,2022,"159,089",159089000.0,WeightedAverageNumberOfSharesOutstandingBasic,manual,159089000.0,match,
AKAM_10K_20241231,traditional,income_statement,shares used in per share calculations,extracted,diluted,2024,"154,346",154346000.0,WeightedAverageNumberOfDilutedSharesOutstanding,manual,154346000.0,match,
AKAM_10K_20241231,traditional,income_statement,shares used in per share calculations,extracted,diluted,2023,"155,397",155397000.0,WeightedAverageNumberOfDilutedSharesOutstanding,manual,155397000.0,match,
AKAM_10K_20241231,traditional,income_statement,shares used in per share calculations,extracted,diluted,2022,"160,467",160467000.0,WeightedAverageNumberOfDilutedSharesOutstanding,manual,160467000.0,match,
AKAM_10K_20241231,traditional,balance_sheet,current assets,extracted,cash and cash equivalents,2024,"$
517,707",517707000.0,CashAndCashEquivalentsAtCarryingValue,manual,517707000.0,match,
AKAM_10K_20241231,traditional,balance_sheet,current assets,extracted,cash and cash equivalents,2023,"$
489,468",489468000.0,CashAndCashEquivalentsAtCarryingValue,manual,489468000.0,match,
AKAM_10K_20241231,traditional,balance_sheet,current assets,extracted,marketable securities,2024,"1,078,876",1078876000.0,MarketableSecuritiesCurrent,manual,1078876000.0,match,
AKAM_10K_20241231,traditional,balance_sheet,current assets,extracted,marketable securities,2023,"374,971",374971000.0,MarketableSecuritiesCurrent,manual,374971000.0,match,
AKAM_10K_20241231,traditional,balance_sheet,current assets,extracted,"accounts receivable, net of reserves of $3,522 and $3,469 at december 31, 2024 and 2023, respectively",2024,"727,687",727687000.0,AccountsReceivableNetCurrent,manual,727687000.0,match,
AKAM_10K_20241231,traditional,balance_sheet,current assets,extracted,"accounts receivable, net of reserves of $3,522 and $3,469 at december 31, 2024 and 2023, respectively",2023,"724,302",724302000.0,AccountsReceivableNetCurrent,manual,724302000.0,match,
AKAM_10K_20241231,traditional,balance_sheet,current assets,extracted,prepaid expenses and other current assets,2024,"253,827",253827000.0,PrepaidExpenseAndOtherAssetsCurrent,manual,253827000.0,match,
AKAM_10K_20241231,traditional,balance_sheet,current assets,extracted,prepaid expenses and other current assets,2023,"216,114",216114000.0,PrepaidExpenseAndOtherAssetsCurrent,manual,216114000.0,match,
AKAM_10K_20241231,traditional,balance_sheet,current assets,extracted,total current assets,2024,"2,578,097",2578097000.0,AssetsCurrent,manual,2578097000.0,match,
AKAM_10K_20241231,traditional,balance_sheet,current assets,extracted,total current assets,2023,"1,804,855",1804855000.0,AssetsCurrent,manual,1804855000.0,match,
AKAM_10K_20241231,traditional,balance_sheet,,inferred,marketable securities,2024,"275,592",275592000.0,MarketableSecuritiesNoncurrent,manual,275592000.0,match,
AKAM_10K_20241231,traditional,balance_sheet,,inferred,marketable securities,2023,"1,431,354",1431354000.0,MarketableSecuritiesNoncurrent,manual,1431354000.0,match,
AKAM_10K_20241231,traditional,balance_sheet,,inferred,"property and equipment, net",2024,"1,995,071",1995071000.0,PropertyPlantAndEquipmentNet,manual,1995071000.0,match,
AKAM_10K_20241231,traditional,balance_sheet,,inferred,"property and equipment, net",2023,"1,825,944",1825944000.0,PropertyPlantAndEquipmentNet,manual,1825944000.0,match,
AKAM_10K_20241231,traditional,balance_sheet,,inferred,operating lease right-of-use assets,2024,"1,006,738",1006738000.0,OperatingLeaseRightOfUseAsset,manual,1006738000.0,match,
AKAM_10K_20241231,traditional,balance_sheet,,inferred,operating lease right-of-use assets,2023,"908,634",908634000.0,OperatingLeaseRightOfUseAsset,manual,908634000.0,match,
AKAM_10K_20241231,traditional,balance_sheet,,inferred,"acquired intangible assets, net",2024,"727,585",727585000.0,IntangibleAssetsNetExcludingGoodwill,manual,727585000.0,match,
AKAM_10K_20241231,traditional,balance_sheet,,inferred,"acquired intangible assets, net",2023,"536,143",536143000.0,IntangibleAssetsNetExcludingGoodwill,manual,536143000.0,match,
AKAM_10K_20241231,traditional,balance_sheet,,inferred,goodwill,2024,"3,151,077",3151077000.0,Goodwill,manual,3151077000.0,match,
AKAM_10K_20241231,traditional,balance_sheet,,inferred,goodwill,2023,"2,850,470",2850470000.0,Goodwill,manual,2850470000.0,match,
AKAM_10K_20241231,traditional,balance_sheet,,inferred,deferred income tax assets,2024,"483,249",483249000.0,DeferredIncomeTaxAssetsNet,manual,483249000.0,match,
AKAM_10K_20241231,traditional,balance_sheet,,inferred,deferred income tax assets,2023,"418,297",418297000.0,DeferredIncomeTaxAssetsNet,manual,418297000.0,match,
AKAM_10K_20241231,traditional,balance_sheet,,inferred,other assets,2024,"151,376",151376000.0,OtherAssetsNoncurrent,manual,151376000.0,match,
AKAM_10K_20241231,traditional,balance_sheet,,inferred,other assets,2023,"124,340",124340000.0,OtherAssetsNoncurrent,manual,124340000.0,match,
AKAM_10K_20241231,traditional,balance_sheet,,inferred,total assets,2024,"$
10,368,785",10368785000.0,Assets,manual,10368785000.0,match,
AKAM_10K_20241231,traditional,balance_sheet,,inferred,total assets,2023,"$
9,900,037",9900037000.0,Assets,manual,9900037000.0,match,
AKAM_10K_20241231,traditional,balance_sheet,current liabilities,extracted,accounts payable,2024,"$
130,447",130447000.0,AccountsPayableCurrent,manual,130447000.0,match,
AKAM_10K_20241231,traditional,balance_sheet,current liabilities,extracted,accounts payable,2023,"$
146,927",146927000.0,AccountsPayableCurrent,manual,146927000.0,match,
AKAM_10K_20241231,traditional,balance_sheet,current liabilities,extracted,accrued expenses,2024,"370,888",370888000.0,AccruedLiabilitiesCurrent,manual,370888000.0,match,
AKAM_10K_20241231,traditional,balance_sheet,current liabilities,extracted,accrued expenses,2023,"352,181",352181000.0,AccruedLiabilitiesCurrent,manual,352181000.0,match,
AKAM_10K_20241231,traditional,balance_sheet,current liabilities,extracted,deferred revenue,2024,"149,222",149222000.0,ContractWithCustomerLiabilityCurrent,manual,149222000.0,match,
AKAM_10K_20241231,traditional,balance_sheet,current liabilities,extracted,deferred revenue,2023,"107,544",107544000.0,ContractWithCustomerLiabilityCurrent,manual,107544000.0,match,
AKAM_10K_20241231,traditional,balance_sheet,current liabilities,extracted,convertible senior notes,2024,"1,149,116",1149116000.0,ConvertibleNotesPayableCurrent,manual,1149116000.0,match,
AKAM_10K_20241231,traditional,balance_sheet,current liabilities,extracted,convertible senior notes,2023,—,0.0,ConvertibleNotesPayableCurrent,manual,0.0,match,
AKAM_10K_20241231,traditional,balance_sheet,current liabilities,extracted,operating lease liabilities,2024,"259,134",259134000.0,OperatingLeaseLiabilityCurrent,manual,259134000.0,match,
AKAM_10K_20241231,traditional,balance_sheet,current liabilities,extracted,operating lease liabilities,2023,"222,944",222944000.0,OperatingLeaseLiabilityCurrent,manual,222944000.0,match,
AKAM_10K_20241231,traditional,balance_sheet,current liabilities,extracted,other current liabilities,2024,"32,516",32516000.0,OtherLiabilitiesCurrent,manual,32516000.0,match,
AKAM_10K_20241231,traditional,balance_sheet,current liabilities,extracted,other current liabilities,2023,"6,442",6442000.0,OtherLiabilitiesCurrent,manual,6442000.0,match,
AKAM_10K_20241231,traditional,balance_sheet,current liabilities,extracted,total current liabilities,2024,"2,091,323",2091323000.0,LiabilitiesCurrent,manual,2091323000.0,match,
AKAM_10K_20241231,traditional,balance_sheet,current liabilities,extracted,total current liabilities,2023,"836,038",836038000.0,LiabilitiesCurrent,manual,836038000.0,match,
AKAM_10K_20241231,traditional,balance_sheet,,inferred,deferred revenue,2024,"26,314",26314000.0,ContractWithCustomerLiabilityNoncurrent,manual,26314000.0,match,
AKAM_10K_20241231,traditional,balance_sheet,,inferred,deferred revenue,2023,"23,006",23006000.0,ContractWithCustomerLiabilityNoncurrent,manual,23006000.0,match,
AKAM_10K_20241231,traditional,balance_sheet,,inferred,deferred income tax liabilities,2024,"16,066",16066000.0,DeferredIncomeTaxLiabilitiesNet,manual,16066000.0,match,
AKAM_10K_20241231,traditional,balance_sheet,,inferred,deferred income tax liabilities,2023,"24,622",24622000.0,DeferredIncomeTaxLiabilitiesNet,manual,24622000.0,match,
AKAM_10K_20241231,traditional,balance_sheet,,inferred,convertible senior notes,2024,"2,396,695",2396695000.0,ConvertibleLongTermNotesPayable,manual,2396695000.0,match,
AKAM_10K_20241231,traditional,balance_sheet,,inferred,convertible senior notes,2023,"3,538,229",3538229000.0,ConvertibleLongTermNotesPayable,manual,3538229000.0,match,
AKAM_10K_20241231,traditional,balance_sheet,,inferred,operating lease liabilities,2024,"829,660",829660000.0,OperatingLeaseLiabilityNoncurrent,manual,829660000.0,match,
AKAM_10K_20241231,traditional,balance_sheet,,inferred,operating lease liabilities,2023,"774,806",774806000.0,OperatingLeaseLiabilityNoncurrent,manual,774806000.0,match,
AKAM_10K_20241231,traditional,balance_sheet,,inferred,other liabilities,2024,"130,370",130370000.0,OtherLiabilitiesNoncurrent,manual,130370000.0,match,
AKAM_10K_20241231,traditional,balance_sheet,,inferred,other liabilities,2023,"106,181",106181000.0,OtherLiabilitiesNoncurrent,manual,106181000.0,match,
AKAM_10K_20241231,traditional,balance_sheet,,inferred,total liabilities,2024,"5,490,428",5490428000.0,Liabilities,manual,5490428000.0,match,
AKAM_10K_20241231,traditional,balance_sheet,,inferred,total liabilities,2023,"5,302,882",5302882000.0,Liabilities,manual,5302882000.0,match,
AKAM_10K_20241231,traditional,balance_sheet,,inferred,junior participating preferred stock; no shares issued or outstanding,2024,—,0.0,PreferredStockValue,manual,0.0,match,
AKAM_10K_20241231,traditional,balance_sheet,,inferred,junior participating preferred stock; no shares issued or outstanding,2023,—,0.0,PreferredStockValue,manual,0.0,match,
AKAM_10K_20241231,traditional,balance_sheet,,inferred,"common stock, $0.01 par value",2024,"1,556",1556000.0,CommonStockValue,manual,1556000.0,match,
AKAM_10K_20241231,traditional,balance_sheet,,inferred,"common stock, $0.01 par value",2023,"1,512",1512000.0,CommonStockValue,manual,1512000.0,match,
AKAM_10K_20241231,traditional,balance_sheet,,inferred,additional paid-in capital,2024,"2,618,384",2618384000.0,AdditionalPaidInCapital,manual,2618384000.0,match,
AKAM_10K_20241231,traditional,balance_sheet,,inferred,additional paid-in capital,2023,"2,222,993",2222993000.0,AdditionalPaidInCapital,manual,2222993000.0,match,
AKAM_10K_20241231,traditional,balance_sheet,,inferred,accumulated other comprehensive loss,2024,"(155,993)",-155993000.0,AccumulatedOtherComprehensiveIncomeLossNetOfTax,manual,-155993000.0,match,
AKAM_10K_20241231,traditional,balance_sheet,,inferred,accumulated other comprehensive loss,2023,"(95,330)",-95330000.0,AccumulatedOtherComprehensiveIncomeLossNetOfTax,manual,-95330000.0,match,
AKAM_10K_20241231,traditional,balance_sheet,,inferred,"treasury stock, at cost, 5,622,892 shares at december 31, 2024, and no shares at december 31, 2023",2024,"(558,488)",-558488000.0,TreasuryStockCommonValue,manual,558488000.0,sign,"Presentation sign convention: PDF and XBRL magnitudes agree within reported precision, but their signs differ. Preserved both source signs and retained the explicit sign classification; no value was silently flipped."
AKAM_10K_20241231,traditional,balance_sheet,,inferred,"treasury stock, at cost, 5,622,892 shares at december 31, 2024, and no shares at december 31, 2023",2023,—,0.0,TreasuryStockCommonValue,manual,0.0,match,
AKAM_10K_20241231,traditional,balance_sheet,,inferred,retained earnings,2024,"2,972,898",2972898000.0,RetainedEarningsAccumulatedDeficit,manual,2972898000.0,match,
AKAM_10K_20241231,traditional,balance_sheet,,inferred,retained earnings,2023,"2,467,980",2467980000.0,RetainedEarningsAccumulatedDeficit,manual,2467980000.0,match,
AKAM_10K_20241231,traditional,balance_sheet,,inferred,total stockholders' equity,2024,"4,878,357",4878357000.0,StockholdersEquity,manual,4878357000.0,match,
AKAM_10K_20241231,traditional,balance_sheet,,inferred,total stockholders' equity,2023,"4,597,155",4597155000.0,StockholdersEquity,manual,4597155000.0,match,
AKAM_10K_20241231,traditional,balance_sheet,,inferred,total liabilities and stockholders' equity,2024,"$
10,368,785",10368785000.0,LiabilitiesAndStockholdersEquity,manual,10368785000.0,match,
AKAM_10K_20241231,traditional,balance_sheet,,inferred,total liabilities and stockholders' equity,2023,"$
9,900,037",9900037000.0,LiabilitiesAndStockholdersEquity,manual,9900037000.0,match,
AKAM_10K_20241231,docling,income_statement,,extracted,revenue,2024,"$ 3,991,168",3991168000.0,RevenueFromContractWithCustomerIncludingAssessedTax,manual,3991168000.0,match,
AKAM_10K_20241231,docling,income_statement,,extracted,revenue,2023,"$ 3,811,920",3811920000.0,RevenueFromContractWithCustomerIncludingAssessedTax,manual,3811920000.0,match,
AKAM_10K_20241231,docling,income_statement,,extracted,revenue,2022,"$ 3,616,654",3616654000.0,RevenueFromContractWithCustomerIncludingAssessedTax,manual,3616654000.0,match,
AKAM_10K_20241231,docling,income_statement,costs and operating expenses,extracted,cost of revenue (exclusive of amortization of acquired intangible assets shown below),2024,"1,620,793",1620793000.0,CostOfRevenue,manual,1620793000.0,match,
AKAM_10K_20241231,docling,income_statement,costs and operating expenses,extracted,cost of revenue (exclusive of amortization of acquired intangible assets shown below),2023,"1,511,063",1511063000.0,CostOfRevenue,manual,1511063000.0,match,
AKAM_10K_20241231,docling,income_statement,costs and operating expenses,extracted,cost of revenue (exclusive of amortization of acquired intangible assets shown below),2022,"1,383,819",1383819000.0,CostOfRevenue,manual,1383819000.0,match,
AKAM_10K_20241231,docling,income_statement,costs and operating expenses,extracted,research and development,2024,"470,876",470876000.0,ResearchAndDevelopmentExpense,manual,470876000.0,match,
AKAM_10K_20241231,docling,income_statement,costs and operating expenses,extracted,research and development,2023,"406,048",406048000.0,ResearchAndDevelopmentExpense,manual,406048000.0,match,
AKAM_10K_20241231,docling,income_statement,costs and operating expenses,extracted,research and development,2022,"391,434",391434000.0,ResearchAndDevelopmentExpense,manual,391434000.0,match,
AKAM_10K_20241231,docling,income_statement,costs and operating expenses,extracted,sales and marketing,2024,"556,781",556781000.0,SellingAndMarketingExpense,manual,556781000.0,match,
AKAM_10K_20241231,docling,income_statement,costs and operating expenses,extracted,sales and marketing,2023,"533,226",533226000.0,SellingAndMarketingExpense,manual,533226000.0,match,
AKAM_10K_20241231,docling,income_statement,costs and operating expenses,extracted,sales and marketing,2022,"502,409",502409000.0,SellingAndMarketingExpense,manual,502409000.0,match,
AKAM_10K_20241231,docling,income_statement,costs and operating expenses,extracted,general and administrative,2024,"621,785",621785000.0,GeneralAndAdministrativeExpense,manual,621785000.0,match,
AKAM_10K_20241231,docling,income_statement,costs and operating expenses,extracted,general and administrative,2023,"600,851",600851000.0,GeneralAndAdministrativeExpense,manual,600851000.0,match,
AKAM_10K_20241231,docling,income_statement,costs and operating expenses,extracted,general and administrative,2022,"584,206",584206000.0,GeneralAndAdministrativeExpense,manual,584206000.0,match,
AKAM_10K_20241231,docling,income_statement,costs and operating expenses,extracted,amortization of acquired intangible assets,2024,"92,081",92081000.0,AmortizationOfIntangibleAssets,manual,92081000.0,match,
AKAM_10K_20241231,docling,income_statement,costs and operating expenses,extracted,amortization of acquired intangible assets,2023,"66,751",66751000.0,AmortizationOfIntangibleAssets,manual,66751000.0,match,
AKAM_10K_20241231,docling,income_statement,costs and operating expenses,extracted,amortization of acquired intangible assets,2022,"64,983",64983000.0,AmortizationOfIntangibleAssets,manual,64983000.0,match,
AKAM_10K_20241231,docling,income_statement,costs and operating expenses,extracted,restructuring charge,2024,"95,441",95441000.0,RestructuringCharges,manual,95441000.0,match,
AKAM_10K_20241231,docling,income_statement,costs and operating expenses,extracted,restructuring charge,2023,"56,643",56643000.0,RestructuringCharges,manual,56643000.0,match,
AKAM_10K_20241231,docling,income_statement,costs and operating expenses,extracted,restructuring charge,2022,"13,529",13529000.0,RestructuringCharges,manual,13529000.0,match,
AKAM_10K_20241231,docling,income_statement,costs and operating expenses,extracted,total costs and operating expenses,2024,"3,457,757",3457757000.0,CostsAndExpenses,manual,3457757000.0,match,
AKAM_10K_20241231,docling,income_statement,costs and operating expenses,extracted,total costs and operating expenses,2023,"3,174,582",3174582000.0,CostsAndExpenses,manual,3174582000.0,match,
AKAM_10K_20241231,docling,income_statement,costs and operating expenses,extracted,total costs and operating expenses,2022,"2,940,380",2940380000.0,CostsAndExpenses,manual,2940380000.0,match,
AKAM_10K_20241231,docling,income_statement,,extracted,income from operations,2024,"533,411",533411000.0,OperatingIncomeLoss,manual,533411000.0,match,
AKAM_10K_20241231,docling,income_statement,,extracted,income from operations,2023,"637,338",637338000.0,OperatingIncomeLoss,manual,637338000.0,match,
AKAM_10K_20241231,docling,income_statement,,extracted,income from operations,2022,"676,274",676274000.0,OperatingIncomeLoss,manual,676274000.0,match,
AKAM_10K_20241231,docling,income_statement,,extracted,"interest and marketable securities income, net",2024,"100,280",100280000.0,InterestAndMarketableSecuritiesIncomeLossNet,manual,100280000.0,match,
AKAM_10K_20241231,docling,income_statement,,extracted,"interest and marketable securities income, net",2023,"45,194",45194000.0,InterestAndMarketableSecuritiesIncomeLossNet,manual,45194000.0,match,
AKAM_10K_20241231,docling,income_statement,,extracted,"interest and marketable securities income, net",2022,"3,258",3258000.0,InterestAndMarketableSecuritiesIncomeLossNet,manual,3258000.0,match,
AKAM_10K_20241231,docling,income_statement,,extracted,interest expense,2024,"(27,117)",-27117000.0,InterestExpenseNonoperating,manual,27117000.0,sign,"Presentation sign convention: PDF and XBRL magnitudes agree within reported precision, but their signs differ. Preserved both source signs and retained the explicit sign classification; no value was silently flipped."
AKAM_10K_20241231,docling,income_statement,,extracted,interest expense,2023,"(17,709)",-17709000.0,InterestExpenseNonoperating,manual,17709000.0,sign,"Presentation sign convention: PDF and XBRL magnitudes agree within reported precision, but their signs differ. Preserved both source signs and retained the explicit sign classification; no value was silently flipped."
AKAM_10K_20241231,docling,income_statement,,extracted,interest expense,2022,"(11,096)",-11096000.0,InterestExpenseNonoperating,manual,11096000.0,sign,"Presentation sign convention: PDF and XBRL magnitudes agree within reported precision, but their signs differ. Preserved both source signs and retained the explicit sign classification; no value was silently flipped."
AKAM_10K_20241231,docling,income_statement,,extracted,"other expense, net",2024,"(19,561)",-19561000.0,OtherNonoperatingExpenseNet,manual,19561000.0,sign,"Presentation sign convention: PDF and XBRL magnitudes agree within reported precision, but their signs differ. Preserved both source signs and retained the explicit sign classification; no value was silently flipped."
AKAM_10K_20241231,docling,income_statement,,extracted,"other expense, net",2023,"(12,296)",-12296000.0,OtherNonoperatingExpenseNet,manual,12296000.0,sign,"Presentation sign convention: PDF and XBRL magnitudes agree within reported precision, but their signs differ. Preserved both source signs and retained the explicit sign classification; no value was silently flipped."
AKAM_10K_20241231,docling,income_statement,,extracted,"other expense, net",2022,"(10,433)",-10433000.0,OtherNonoperatingExpenseNet,manual,10433000.0,sign,"Presentation sign convention: PDF and XBRL magnitudes agree within reported precision, but their signs differ. Preserved both source signs and retained the explicit sign classification; no value was silently flipped."
AKAM_10K_20241231,docling,income_statement,,extracted,income before provision for income taxes,2024,"587,013",587013000.0,IncomeLossFromContinuingOperationsBeforeIncomeTaxesMinorityInterestAndIncomeLossFromEquityMethodInvestments,manual,587013000.0,match,
AKAM_10K_20241231,docling,income_statement,,extracted,income before provision for income taxes,2023,"652,527",652527000.0,IncomeLossFromContinuingOperationsBeforeIncomeTaxesMinorityInterestAndIncomeLossFromEquityMethodInvestments,manual,652527000.0,match,
AKAM_10K_20241231,docling,income_statement,,extracted,income before provision for income taxes,2022,"658,003",658003000.0,IncomeLossFromContinuingOperationsBeforeIncomeTaxesMinorityInterestAndIncomeLossFromEquityMethodInvestments,manual,658003000.0,match,
AKAM_10K_20241231,docling,income_statement,,extracted,provision for income taxes,2024,"(82,095)",-82095000.0,IncomeTaxExpenseBenefit,manual,82095000.0,sign,"Presentation sign convention: PDF and XBRL magnitudes agree within reported precision, but their signs differ. Preserved both source signs and retained the explicit sign classification; no value was silently flipped."
AKAM_10K_20241231,docling,income_statement,,extracted,provision for income taxes,2023,"(106,373)",-106373000.0,IncomeTaxExpenseBenefit,manual,106373000.0,sign,"Presentation sign convention: PDF and XBRL magnitudes agree within reported precision, but their signs differ. Preserved both source signs and retained the explicit sign classification; no value was silently flipped."
AKAM_10K_20241231,docling,income_statement,,extracted,provision for income taxes,2022,"(126,696)",-126696000.0,IncomeTaxExpenseBenefit,manual,126696000.0,sign,"Presentation sign convention: PDF and XBRL magnitudes agree within reported precision, but their signs differ. Preserved both source signs and retained the explicit sign classification; no value was silently flipped."
AKAM_10K_20241231,docling,income_statement,,extracted,gain (loss) from equity method investment,2024,-,0.0,IncomeLossFromEquityMethodInvestments,manual,0.0,match,
AKAM_10K_20241231,docling,income_statement,,extracted,gain (loss) from equity method investment,2023,"1,475",1475000.0,IncomeLossFromEquityMethodInvestments,manual,1475000.0,match,
AKAM_10K_20241231,docling,income_statement,,extracted,gain (loss) from equity method investment,2022,"(7,635)",-7635000.0,IncomeLossFromEquityMethodInvestments,manual,-7635000.0,match,
AKAM_10K_20241231,docling,income_statement,,extracted,net income,2024,"$ 504,918",504918000.0,NetIncomeLoss,manual,504918000.0,match,
AKAM_10K_20241231,docling,income_statement,,extracted,net income,2023,"$ 547,629",547629000.0,NetIncomeLoss,manual,547629000.0,match,
AKAM_10K_20241231,docling,income_statement,,extracted,net income,2022,"$ 523,672",523672000.0,NetIncomeLoss,manual,523672000.0,match,
AKAM_10K_20241231,docling,income_statement,net income per share,extracted,basic,2024,$ 3.34,3.34,EarningsPerShareBasic,manual,3.34,match,
AKAM_10K_20241231,docling,income_statement,net income per share,extracted,basic,2023,$ 3.59,3.59,EarningsPerShareBasic,manual,3.59,match,
AKAM_10K_20241231,docling,income_statement,net income per share,extracted,basic,2022,$ 3.29,3.29,EarningsPerShareBasic,manual,3.29,match,
AKAM_10K_20241231,docling,income_statement,net income per share,extracted,diluted,2024,$ 3.27,3.27,EarningsPerShareDiluted,manual,3.27,match,
AKAM_10K_20241231,docling,income_statement,net income per share,extracted,diluted,2023,$ 3.52,3.52,EarningsPerShareDiluted,manual,3.52,match,
AKAM_10K_20241231,docling,income_statement,net income per share,extracted,diluted,2022,$ 3.26,3.26,EarningsPerShareDiluted,manual,3.26,match,
AKAM_10K_20241231,docling,income_statement,shares used in per share calculations,extracted,basic,2024,"151,392",151392000.0,WeightedAverageNumberOfSharesOutstandingBasic,manual,151392000.0,match,
AKAM_10K_20241231,docling,income_statement,shares used in per share calculations,extracted,basic,2023,"152,510",152510000.0,WeightedAverageNumberOfSharesOutstandingBasic,manual,152510000.0,match,
AKAM_10K_20241231,docling,income_statement,shares used in per share calculations,extracted,basic,2022,"159,089",159089000.0,WeightedAverageNumberOfSharesOutstandingBasic,manual,159089000.0,match,
AKAM_10K_20241231,docling,income_statement,shares used in per share calculations,extracted,diluted,2024,"154,346",154346000.0,WeightedAverageNumberOfDilutedSharesOutstanding,manual,154346000.0,match,
AKAM_10K_20241231,docling,income_statement,shares used in per share calculations,extracted,diluted,2023,"155,397",155397000.0,WeightedAverageNumberOfDilutedSharesOutstanding,manual,155397000.0,match,
AKAM_10K_20241231,docling,income_statement,shares used in per share calculations,extracted,diluted,2022,"160,467",160467000.0,WeightedAverageNumberOfDilutedSharesOutstanding,manual,160467000.0,match,
AKAM_10K_20241231,docling,balance_sheet,current assets,extracted,cash and cash equivalents,2024,"$ 517,707",517707000.0,CashAndCashEquivalentsAtCarryingValue,manual,517707000.0,match,
AKAM_10K_20241231,docling,balance_sheet,current assets,extracted,cash and cash equivalents,2023,"$ 489,468",489468000.0,CashAndCashEquivalentsAtCarryingValue,manual,489468000.0,match,
AKAM_10K_20241231,docling,balance_sheet,current assets,extracted,marketable securities,2024,"1,078,876",1078876000.0,MarketableSecuritiesCurrent,manual,1078876000.0,match,
AKAM_10K_20241231,docling,balance_sheet,current assets,extracted,marketable securities,2023,"374,971",374971000.0,MarketableSecuritiesCurrent,manual,374971000.0,match,
AKAM_10K_20241231,docling,balance_sheet,current assets,extracted,"accounts receivable, net of reserves of $3,522 and $3,469 at december 31, 2024 and 2023, respectively",2024,"727,687",727687000.0,AccountsReceivableNetCurrent,manual,727687000.0,match,
AKAM_10K_20241231,docling,balance_sheet,current assets,extracted,"accounts receivable, net of reserves of $3,522 and $3,469 at december 31, 2024 and 2023, respectively",2023,"724,302",724302000.0,AccountsReceivableNetCurrent,manual,724302000.0,match,
AKAM_10K_20241231,docling,balance_sheet,current assets,extracted,prepaid expenses and other current assets,2024,"253,827",253827000.0,PrepaidExpenseAndOtherAssetsCurrent,manual,253827000.0,match,
AKAM_10K_20241231,docling,balance_sheet,current assets,extracted,prepaid expenses and other current assets,2023,"216,114",216114000.0,PrepaidExpenseAndOtherAssetsCurrent,manual,216114000.0,match,
AKAM_10K_20241231,docling,balance_sheet,current assets,extracted,total current assets,2024,"2,578,097",2578097000.0,AssetsCurrent,manual,2578097000.0,match,
AKAM_10K_20241231,docling,balance_sheet,current assets,extracted,total current assets,2023,"1,804,855",1804855000.0,AssetsCurrent,manual,1804855000.0,match,
AKAM_10K_20241231,docling,balance_sheet,,inferred,marketable securities,2024,"275,592",275592000.0,MarketableSecuritiesNoncurrent,manual,275592000.0,match,
AKAM_10K_20241231,docling,balance_sheet,,inferred,marketable securities,2023,"1,431,354",1431354000.0,MarketableSecuritiesNoncurrent,manual,1431354000.0,match,
AKAM_10K_20241231,docling,balance_sheet,,inferred,"property and equipment, net",2024,"1,995,071",1995071000.0,PropertyPlantAndEquipmentNet,manual,1995071000.0,match,
AKAM_10K_20241231,docling,balance_sheet,,inferred,"property and equipment, net",2023,"1,825,944",1825944000.0,PropertyPlantAndEquipmentNet,manual,1825944000.0,match,
AKAM_10K_20241231,docling,balance_sheet,,inferred,operating lease right-of-use assets,2024,"1,006,738",1006738000.0,OperatingLeaseRightOfUseAsset,manual,1006738000.0,match,
AKAM_10K_20241231,docling,balance_sheet,,inferred,operating lease right-of-use assets,2023,"908,634",908634000.0,OperatingLeaseRightOfUseAsset,manual,908634000.0,match,
AKAM_10K_20241231,docling,balance_sheet,,inferred,"acquired intangible assets, net",2024,"727,585",727585000.0,IntangibleAssetsNetExcludingGoodwill,manual,727585000.0,match,
AKAM_10K_20241231,docling,balance_sheet,,inferred,"acquired intangible assets, net",2023,"536,143",536143000.0,IntangibleAssetsNetExcludingGoodwill,manual,536143000.0,match,
AKAM_10K_20241231,docling,balance_sheet,,inferred,goodwill,2024,"3,151,077",3151077000.0,Goodwill,manual,3151077000.0,match,
AKAM_10K_20241231,docling,balance_sheet,,inferred,goodwill,2023,"2,850,470",2850470000.0,Goodwill,manual,2850470000.0,match,
AKAM_10K_20241231,docling,balance_sheet,,inferred,deferred income tax assets,2024,"483,249",483249000.0,DeferredIncomeTaxAssetsNet,manual,483249000.0,match,
AKAM_10K_20241231,docling,balance_sheet,,inferred,deferred income tax assets,2023,"418,297",418297000.0,DeferredIncomeTaxAssetsNet,manual,418297000.0,match,
AKAM_10K_20241231,docling,balance_sheet,,inferred,other assets,2024,"151,376",151376000.0,OtherAssetsNoncurrent,manual,151376000.0,match,
AKAM_10K_20241231,docling,balance_sheet,,inferred,other assets,2023,"124,340",124340000.0,OtherAssetsNoncurrent,manual,124340000.0,match,
AKAM_10K_20241231,docling,balance_sheet,,inferred,total assets,2024,"$ 10,368,785",10368785000.0,Assets,manual,10368785000.0,match,
AKAM_10K_20241231,docling,balance_sheet,,inferred,total assets,2023,"$ 9,900,037",9900037000.0,Assets,manual,9900037000.0,match,
AKAM_10K_20241231,docling,balance_sheet,current liabilities,extracted,accounts payable,2024,"$ 130,447",130447000.0,AccountsPayableCurrent,manual,130447000.0,match,
AKAM_10K_20241231,docling,balance_sheet,current liabilities,extracted,accounts payable,2023,"$ 146,927",146927000.0,AccountsPayableCurrent,manual,146927000.0,match,
AKAM_10K_20241231,docling,balance_sheet,current liabilities,extracted,accrued expenses,2024,"370,888",370888000.0,AccruedLiabilitiesCurrent,manual,370888000.0,match,
AKAM_10K_20241231,docling,balance_sheet,current liabilities,extracted,accrued expenses,2023,"352,181",352181000.0,AccruedLiabilitiesCurrent,manual,352181000.0,match,
AKAM_10K_20241231,docling,balance_sheet,current liabilities,extracted,deferred revenue,2024,"149,222",149222000.0,ContractWithCustomerLiabilityCurrent,manual,149222000.0,match,
AKAM_10K_20241231,docling,balance_sheet,current liabilities,extracted,deferred revenue,2023,"107,544",107544000.0,ContractWithCustomerLiabilityCurrent,manual,107544000.0,match,
AKAM_10K_20241231,docling,balance_sheet,current liabilities,extracted,convertible senior notes,2024,"1,149,116",1149116000.0,ConvertibleNotesPayableCurrent,manual,1149116000.0,match,
AKAM_10K_20241231,docling,balance_sheet,current liabilities,extracted,convertible senior notes,2023,-,0.0,ConvertibleNotesPayableCurrent,manual,0.0,match,
AKAM_10K_20241231,docling,balance_sheet,current liabilities,extracted,operating lease liabilities,2024,"259,134",259134000.0,OperatingLeaseLiabilityCurrent,manual,259134000.0,match,
AKAM_10K_20241231,docling,balance_sheet,current liabilities,extracted,operating lease liabilities,2023,"222,944",222944000.0,OperatingLeaseLiabilityCurrent,manual,222944000.0,match,
AKAM_10K_20241231,docling,balance_sheet,current liabilities,extracted,other current liabilities,2024,"32,516",32516000.0,OtherLiabilitiesCurrent,manual,32516000.0,match,
AKAM_10K_20241231,docling,balance_sheet,current liabilities,extracted,other current liabilities,2023,"6,442",6442000.0,OtherLiabilitiesCurrent,manual,6442000.0,match,
AKAM_10K_20241231,docling,balance_sheet,current liabilities,extracted,total current liabilities,2024,"2,091,323",2091323000.0,LiabilitiesCurrent,manual,2091323000.0,match,
AKAM_10K_20241231,docling,balance_sheet,current liabilities,extracted,total current liabilities,2023,"836,038",836038000.0,LiabilitiesCurrent,manual,836038000.0,match,
AKAM_10K_20241231,docling,balance_sheet,,inferred,deferred revenue,2024,"26,314",26314000.0,ContractWithCustomerLiabilityNoncurrent,manual,26314000.0,match,
AKAM_10K_20241231,docling,balance_sheet,,inferred,deferred revenue,2023,"23,006",23006000.0,ContractWithCustomerLiabilityNoncurrent,manual,23006000.0,match,
AKAM_10K_20241231,docling,balance_sheet,,inferred,deferred income tax liabilities,2024,"16,066",16066000.0,DeferredIncomeTaxLiabilitiesNet,manual,16066000.0,match,
AKAM_10K_20241231,docling,balance_sheet,,inferred,deferred income tax liabilities,2023,"24,622",24622000.0,DeferredIncomeTaxLiabilitiesNet,manual,24622000.0,match,
AKAM_10K_20241231,docling,balance_sheet,,inferred,convertible senior notes,2024,"2,396,695",2396695000.0,ConvertibleLongTermNotesPayable,manual,2396695000.0,match,
AKAM_10K_20241231,docling,balance_sheet,,inferred,convertible senior notes,2023,"3,538,229",3538229000.0,ConvertibleLongTermNotesPayable,manual,3538229000.0,match,
AKAM_10K_20241231,docling,balance_sheet,,inferred,operating lease liabilities,2024,"829,660",829660000.0,OperatingLeaseLiabilityNoncurrent,manual,829660000.0,match,
AKAM_10K_20241231,docling,balance_sheet,,inferred,operating lease liabilities,2023,"774,806",774806000.0,OperatingLeaseLiabilityNoncurrent,manual,774806000.0,match,
AKAM_10K_20241231,docling,balance_sheet,,inferred,other liabilities,2024,"130,370",130370000.0,OtherLiabilitiesNoncurrent,manual,130370000.0,match,
AKAM_10K_20241231,docling,balance_sheet,,inferred,other liabilities,2023,"106,181",106181000.0,OtherLiabilitiesNoncurrent,manual,106181000.0,match,
AKAM_10K_20241231,docling,balance_sheet,,inferred,total liabilities,2024,"5,490,428",5490428000.0,Liabilities,manual,5490428000.0,match,
AKAM_10K_20241231,docling,balance_sheet,,inferred,total liabilities,2023,"5,302,882",5302882000.0,Liabilities,manual,5302882000.0,match,
AKAM_10K_20241231,docling,balance_sheet,,inferred,"preferred stock, $0.01 par value; 5,000,000 shares authorized; 700,000 shares designated as series a junior participating preferred stock; no shares issued or outstanding",2024,-,0.0,PreferredStockValue,label,0.0,match,
AKAM_10K_20241231,docling,balance_sheet,,inferred,"preferred stock, $0.01 par value; 5,000,000 shares authorized; 700,000 shares designated as series a junior participating preferred stock; no shares issued or outstanding",2023,-,0.0,PreferredStockValue,label,0.0,match,
AKAM_10K_20241231,docling,balance_sheet,,inferred,"common stock, $0.01 par value; 700,000,000 shares authorized; 155,647,988 shares issued and 150,025,096 shares outstanding at december 31, 2024, and 151,232,908 shares issued and outstanding at december 31, 2023",2024,"1,556",1556000.0,CommonStockValue,manual,1556000.0,match,
AKAM_10K_20241231,docling,balance_sheet,,inferred,"common stock, $0.01 par value; 700,000,000 shares authorized; 155,647,988 shares issued and 150,025,096 shares outstanding at december 31, 2024, and 151,232,908 shares issued and outstanding at december 31, 2023",2023,"1,512",1512000.0,CommonStockValue,manual,1512000.0,match,
AKAM_10K_20241231,docling,balance_sheet,,inferred,additional paid-in capital,2024,"2,618,384",2618384000.0,AdditionalPaidInCapital,manual,2618384000.0,match,
AKAM_10K_20241231,docling,balance_sheet,,inferred,additional paid-in capital,2023,"2,222,993",2222993000.0,AdditionalPaidInCapital,manual,2222993000.0,match,
AKAM_10K_20241231,docling,balance_sheet,,inferred,accumulated other comprehensive loss,2024,"(155,993)",-155993000.0,AccumulatedOtherComprehensiveIncomeLossNetOfTax,manual,-155993000.0,match,
AKAM_10K_20241231,docling,balance_sheet,,inferred,accumulated other comprehensive loss,2023,"(95,330)",-95330000.0,AccumulatedOtherComprehensiveIncomeLossNetOfTax,manual,-95330000.0,match,
AKAM_10K_20241231,docling,balance_sheet,,inferred,"treasury stock, at cost, 5,622,892 shares at december 31, 2024, and no shares at december 31, 2023",2024,"(558,488)",-558488000.0,TreasuryStockCommonValue,manual,558488000.0,sign,"Presentation sign convention: PDF and XBRL magnitudes agree within reported precision, but their signs differ. Preserved both source signs and retained the explicit sign classification; no value was silently flipped."
AKAM_10K_20241231,docling,balance_sheet,,inferred,"treasury stock, at cost, 5,622,892 shares at december 31, 2024, and no shares at december 31, 2023",2023,-,0.0,TreasuryStockCommonValue,manual,0.0,match,
AKAM_10K_20241231,docling,balance_sheet,,inferred,retained earnings,2024,"2,972,898",2972898000.0,RetainedEarningsAccumulatedDeficit,manual,2972898000.0,match,
AKAM_10K_20241231,docling,balance_sheet,,inferred,retained earnings,2023,"2,467,980",2467980000.0,RetainedEarningsAccumulatedDeficit,manual,2467980000.0,match,
AKAM_10K_20241231,docling,balance_sheet,,inferred,total stockholders' equity,2024,"4,878,357",4878357000.0,StockholdersEquity,manual,4878357000.0,match,
AKAM_10K_20241231,docling,balance_sheet,,inferred,total stockholders' equity,2023,"4,597,155",4597155000.0,StockholdersEquity,manual,4597155000.0,match,
AKAM_10K_20241231,docling,balance_sheet,,inferred,total liabilities and stockholders' equity,2024,"$ 10,368,785",10368785000.0,LiabilitiesAndStockholdersEquity,manual,10368785000.0,match,
AKAM_10K_20241231,docling,balance_sheet,,inferred,total liabilities and stockholders' equity,2023,"$ 9,900,037",9900037000.0,LiabilitiesAndStockholdersEquity,manual,9900037000.0,match,
AKAM_10Q_20250930,traditional,income_statement,,extracted,revenue,2025,"1,054,630",1054630000.0,RevenueFromContractWithCustomerIncludingAssessedTax,manual,1054630000.0,match,
AKAM_10Q_20250930,traditional,income_statement,,extracted,revenue,2024,"1,004,679",1004679000.0,RevenueFromContractWithCustomerIncludingAssessedTax,manual,1004679000.0,match,
AKAM_10Q_20250930,traditional,income_statement,,extracted,revenue,2025_2,"3,113,263",3113263000.0,RevenueFromContractWithCustomerIncludingAssessedTax,manual,3113263000.0,match,
AKAM_10Q_20250930,traditional,income_statement,,extracted,revenue,2024_2,"2,971,229",2971229000.0,RevenueFromContractWithCustomerIncludingAssessedTax,manual,2971229000.0,match,
AKAM_10Q_20250930,traditional,income_statement,cost of revenue (exclusive of amortization of acquired,extracted,intangible assets shown below),2025,"429,532",429532000.0,CostOfRevenue,suffix,429532000.0,match,
AKAM_10Q_20250930,traditional,income_statement,cost of revenue (exclusive of amortization of acquired,extracted,intangible assets shown below),2024,"408,806",408806000.0,CostOfRevenue,suffix,408806000.0,match,
AKAM_10Q_20250930,traditional,income_statement,cost of revenue (exclusive of amortization of acquired,extracted,intangible assets shown below),2025_2,"1,275,012",1275012000.0,CostOfRevenue,suffix,1275012000.0,match,
AKAM_10Q_20250930,traditional,income_statement,cost of revenue (exclusive of amortization of acquired,extracted,intangible assets shown below),2024_2,"1,206,437",1206437000.0,CostOfRevenue,suffix,1206437000.0,match,
AKAM_10Q_20250930,traditional,income_statement,cost of revenue (exclusive of amortization of acquired,extracted,research and development,2025,"124,720",124720000.0,ResearchAndDevelopmentExpense,manual,124720000.0,match,
AKAM_10Q_20250930,traditional,income_statement,cost of revenue (exclusive of amortization of acquired,extracted,research and development,2024,"120,347",120347000.0,ResearchAndDevelopmentExpense,manual,120347000.0,match,
AKAM_10Q_20250930,traditional,income_statement,cost of revenue (exclusive of amortization of acquired,extracted,research and development,2025_2,"374,107",374107000.0,ResearchAndDevelopmentExpense,manual,374107000.0,match,
AKAM_10Q_20250930,traditional,income_statement,cost of revenue (exclusive of amortization of acquired,extracted,research and development,2024_2,"350,631",350631000.0,ResearchAndDevelopmentExpense,manual,350631000.0,match,
AKAM_10Q_20250930,traditional,income_statement,cost of revenue (exclusive of amortization of acquired,extracted,sales and marketing,2025,"144,867",144867000.0,SellingAndMarketingExpense,manual,144867000.0,match,
AKAM_10Q_20250930,traditional,income_statement,cost of revenue (exclusive of amortization of acquired,extracted,sales and marketing,2024,"138,551",138551000.0,SellingAndMarketingExpense,manual,138551000.0,match,
AKAM_10Q_20250930,traditional,income_statement,cost of revenue (exclusive of amortization of acquired,extracted,sales and marketing,2025_2,"425,237",425237000.0,SellingAndMarketingExpense,manual,425237000.0,match,
AKAM_10Q_20250930,traditional,income_statement,cost of revenue (exclusive of amortization of acquired,extracted,sales and marketing,2024_2,"412,160",412160000.0,SellingAndMarketingExpense,manual,412160000.0,match,
AKAM_10Q_20250930,traditional,income_statement,cost of revenue (exclusive of amortization of acquired,extracted,general and administrative,2025,"161,719",161719000.0,GeneralAndAdministrativeExpense,manual,161719000.0,match,
AKAM_10Q_20250930,traditional,income_statement,cost of revenue (exclusive of amortization of acquired,extracted,general and administrative,2024,"159,957",159957000.0,GeneralAndAdministrativeExpense,manual,159957000.0,match,
AKAM_10Q_20250930,traditional,income_statement,cost of revenue (exclusive of amortization of acquired,extracted,general and administrative,2025_2,"480,249",480249000.0,GeneralAndAdministrativeExpense,manual,480249000.0,match,
AKAM_10Q_20250930,traditional,income_statement,cost of revenue (exclusive of amortization of acquired,extracted,general and administrative,2024_2,"466,241",466241000.0,GeneralAndAdministrativeExpense,manual,466241000.0,match,
AKAM_10Q_20250930,traditional,income_statement,cost of revenue (exclusive of amortization of acquired,extracted,amortization of acquired intangible assets,2025,"27,783",27783000.0,AmortizationOfIntangibleAssets,manual,27783000.0,match,
AKAM_10Q_20250930,traditional,income_statement,cost of revenue (exclusive of amortization of acquired,extracted,amortization of acquired intangible assets,2024,"24,368",24368000.0,AmortizationOfIntangibleAssets,manual,24368000.0,match,
AKAM_10Q_20250930,traditional,income_statement,cost of revenue (exclusive of amortization of acquired,extracted,amortization of acquired intangible assets,2025_2,"83,141",83141000.0,AmortizationOfIntangibleAssets,manual,83141000.0,match,
AKAM_10Q_20250930,traditional,income_statement,cost of revenue (exclusive of amortization of acquired,extracted,amortization of acquired intangible assets,2024_2,"66,467",66467000.0,AmortizationOfIntangibleAssets,manual,66467000.0,match,
AKAM_10Q_20250930,traditional,income_statement,cost of revenue (exclusive of amortization of acquired,extracted,restructuring (benefit) charge,2025,(15),-15000.0,RestructuringCharges,manual,-15000.0,match,
AKAM_10Q_20250930,traditional,income_statement,cost of revenue (exclusive of amortization of acquired,extracted,restructuring (benefit) charge,2024,"82,013",82013000.0,RestructuringCharges,manual,82013000.0,match,
AKAM_10Q_20250930,traditional,income_statement,cost of revenue (exclusive of amortization of acquired,extracted,restructuring (benefit) charge,2025_2,"3,449",3449000.0,RestructuringCharges,manual,3449000.0,match,
AKAM_10Q_20250930,traditional,income_statement,cost of revenue (exclusive of amortization of acquired,extracted,restructuring (benefit) charge,2024_2,"83,942",83942000.0,RestructuringCharges,manual,83942000.0,match,
AKAM_10Q_20250930,traditional,income_statement,cost of revenue (exclusive of amortization of acquired,extracted,total costs and operating expenses,2025,"888,606",888606000.0,CostsAndExpenses,manual,888606000.0,match,
AKAM_10Q_20250930,traditional,income_statement,cost of revenue (exclusive of amortization of acquired,extracted,total costs and operating expenses,2024,"934,042",934042000.0,CostsAndExpenses,manual,934042000.0,match,
AKAM_10Q_20250930,traditional,income_statement,cost of revenue (exclusive of amortization of acquired,extracted,total costs and operating expenses,2025_2,"2,641,195",2641195000.0,CostsAndExpenses,manual,2641195000.0,match,
AKAM_10Q_20250930,traditional,income_statement,cost of revenue (exclusive of amortization of acquired,extracted,total costs and operating expenses,2024_2,"2,585,878",2585878000.0,CostsAndExpenses,manual,2585878000.0,match,
AKAM_10Q_20250930,traditional,income_statement,,extracted,income from operations,2025,"166,024",166024000.0,OperatingIncomeLoss,manual,166024000.0,match,
AKAM_10Q_20250930,traditional,income_statement,,extracted,income from operations,2024,"70,637",70637000.0,OperatingIncomeLoss,manual,70637000.0,match,
AKAM_10Q_20250930,traditional,income_statement,,extracted,income from operations,2025_2,"472,068",472068000.0,OperatingIncomeLoss,manual,472068000.0,match,
AKAM_10Q_20250930,traditional,income_statement,,extracted,income from operations,2024_2,"385,351",385351000.0,OperatingIncomeLoss,manual,385351000.0,match,
AKAM_10Q_20250930,traditional,income_statement,,extracted,"interest and marketable securities income, net",2025,"18,893",18893000.0,InterestAndMarketableSecuritiesIncomeLossNet,manual,18893000.0,match,
AKAM_10Q_20250930,traditional,income_statement,,extracted,"interest and marketable securities income, net",2024,"23,065",23065000.0,InterestAndMarketableSecuritiesIncomeLossNet,manual,23065000.0,match,
AKAM_10Q_20250930,traditional,income_statement,,extracted,"interest and marketable securities income, net",2025_2,"52,552",52552000.0,InterestAndMarketableSecuritiesIncomeLossNet,manual,52552000.0,match,
AKAM_10Q_20250930,traditional,income_statement,,extracted,"interest and marketable securities income, net",2024_2,"77,534",77534000.0,InterestAndMarketableSecuritiesIncomeLossNet,manual,77534000.0,match,
AKAM_10Q_20250930,traditional,income_statement,,extracted,interest expense,2025,"(7,915)",-7915000.0,InterestExpenseNonoperating,manual,7915000.0,sign,"Presentation sign convention: PDF and XBRL magnitudes agree within reported precision, but their signs differ. Preserved both source signs and retained the explicit sign classification; no value was silently flipped."
AKAM_10Q_20250930,traditional,income_statement,,extracted,interest expense,2024,"(6,735)",-6735000.0,InterestExpenseNonoperating,manual,6735000.0,sign,"Presentation sign convention: PDF and XBRL magnitudes agree within reported precision, but their signs differ. Preserved both source signs and retained the explicit sign classification; no value was silently flipped."
AKAM_10Q_20250930,traditional,income_statement,,extracted,interest expense,2025_2,"(22,866)",-22866000.0,InterestExpenseNonoperating,manual,22866000.0,sign,"Presentation sign convention: PDF and XBRL magnitudes agree within reported precision, but their signs differ. Preserved both source signs and retained the explicit sign classification; no value was silently flipped."
AKAM_10Q_20250930,traditional,income_statement,,extracted,interest expense,2024_2,"(20,382)",-20382000.0,InterestExpenseNonoperating,manual,20382000.0,sign,"Presentation sign convention: PDF and XBRL magnitudes agree within reported precision, but their signs differ. Preserved both source signs and retained the explicit sign classification; no value was silently flipped."
AKAM_10Q_20250930,traditional,income_statement,,extracted,"other expense, net",2025,"(3,837)",-3837000.0,OtherNonoperatingIncomeExpense,label,-3837000.0,match,
AKAM_10Q_20250930,traditional,income_statement,,extracted,"other expense, net",2024,"(13,161)",-13161000.0,OtherNonoperatingIncomeExpense,label,-13161000.0,match,
AKAM_10Q_20250930,traditional,income_statement,,extracted,"other expense, net",2025_2,"(3,268)",-3268000.0,OtherNonoperatingIncomeExpense,label,-3268000.0,match,
AKAM_10Q_20250930,traditional,income_statement,,extracted,"other expense, net",2024_2,"(13,599)",-13599000.0,OtherNonoperatingIncomeExpense,label,-13599000.0,match,
AKAM_10Q_20250930,traditional,income_statement,,extracted,income before provision for income taxes,2025,"173,165",173165000.0,IncomeLossFromContinuingOperationsBeforeIncomeTaxesExtraordinaryItemsNoncontrollingInterest,label,173165000.0,match,
AKAM_10Q_20250930,traditional,income_statement,,extracted,income before provision for income taxes,2024,"73,806",73806000.0,IncomeLossFromContinuingOperationsBeforeIncomeTaxesExtraordinaryItemsNoncontrollingInterest,label,73806000.0,match,
AKAM_10Q_20250930,traditional,income_statement,,extracted,income before provision for income taxes,2025_2,"498,486",498486000.0,IncomeLossFromContinuingOperationsBeforeIncomeTaxesExtraordinaryItemsNoncontrollingInterest,label,498486000.0,match,
AKAM_10Q_20250930,traditional,income_statement,,extracted,income before provision for income taxes,2024_2,"428,904",428904000.0,IncomeLossFromContinuingOperationsBeforeIncomeTaxesExtraordinaryItemsNoncontrollingInterest,label,428904000.0,match,
AKAM_10Q_20250930,traditional,income_statement,,extracted,provision for income taxes,2025,"(32,995)",-32995000.0,IncomeTaxExpenseBenefit,manual,32995000.0,sign,"Presentation sign convention: PDF and XBRL magnitudes agree within reported precision, but their signs differ. Preserved both source signs and retained the explicit sign classification; no value was silently flipped."
AKAM_10Q_20250930,traditional,income_statement,,extracted,provision for income taxes,2024,"(15,899)",-15899000.0,IncomeTaxExpenseBenefit,manual,15899000.0,sign,"Presentation sign convention: PDF and XBRL magnitudes agree within reported precision, but their signs differ. Preserved both source signs and retained the explicit sign classification; no value was silently flipped."
AKAM_10Q_20250930,traditional,income_statement,,extracted,provision for income taxes,2025_2,"(131,527)",-131527000.0,IncomeTaxExpenseBenefit,manual,131527000.0,sign,"Presentation sign convention: PDF and XBRL magnitudes agree within reported precision, but their signs differ. Preserved both source signs and retained the explicit sign classification; no value was silently flipped."
AKAM_10Q_20250930,traditional,income_statement,,extracted,provision for income taxes,2024_2,"(63,891)",-63891000.0,IncomeTaxExpenseBenefit,manual,63891000.0,sign,"Presentation sign convention: PDF and XBRL magnitudes agree within reported precision, but their signs differ. Preserved both source signs and retained the explicit sign classification; no value was silently flipped."
AKAM_10Q_20250930,traditional,income_statement,,extracted,net income,2025,"140,170",140170000.0,NetIncomeLoss,manual,140170000.0,match,
AKAM_10Q_20250930,traditional,income_statement,,extracted,net income,2024,"57,907",57907000.0,NetIncomeLoss,manual,57907000.0,match,
AKAM_10Q_20250930,traditional,income_statement,,extracted,net income,2025_2,"366,959",366959000.0,NetIncomeLoss,manual,366959000.0,match,
AKAM_10Q_20250930,traditional,income_statement,,extracted,net income,2024_2,"365,013",365013000.0,NetIncomeLoss,manual,365013000.0,match,
AKAM_10Q_20250930,traditional,income_statement,net income per share,extracted,basic,2025,0.98,0.98,EarningsPerShareBasic,manual,0.98,match,
AKAM_10Q_20250930,traditional,income_statement,net income per share,extracted,basic,2024,0.38,0.38,EarningsPerShareBasic,manual,0.38,match,
AKAM_10Q_20250930,traditional,income_statement,net income per share,extracted,basic,2025_2,2.52,2.52,EarningsPerShareBasic,manual,2.52,match,
AKAM_10Q_20250930,traditional,income_statement,net income per share,extracted,basic,2024_2,2.40,2.4,EarningsPerShareBasic,manual,2.4,match,
AKAM_10Q_20250930,traditional,income_statement,net income per share,extracted,diluted,2025,0.97,0.97,EarningsPerShareDiluted,manual,0.97,match,
AKAM_10Q_20250930,traditional,income_statement,net income per share,extracted,diluted,2024,0.38,0.38,EarningsPerShareDiluted,manual,0.38,match,
AKAM_10Q_20250930,traditional,income_statement,net income per share,extracted,diluted,2025_2,2.50,2.5,EarningsPerShareDiluted,manual,2.5,match,
AKAM_10Q_20250930,traditional,income_statement,net income per share,extracted,diluted,2024_2,2.36,2.36,EarningsPerShareDiluted,manual,2.36,match,
AKAM_10Q_20250930,traditional,income_statement,shares used in per share calculations,extracted,basic,2025,"143,577",143577000.0,WeightedAverageNumberOfSharesOutstandingBasic,manual,143577000.0,match,
AKAM_10Q_20250930,traditional,income_statement,shares used in per share calculations,extracted,basic,2024,"151,435",151435000.0,WeightedAverageNumberOfSharesOutstandingBasic,manual,151435000.0,match,
AKAM_10Q_20250930,traditional,income_statement,shares used in per share calculations,extracted,basic,2025_2,"145,795",145795000.0,WeightedAverageNumberOfSharesOutstandingBasic,manual,145795000.0,match,
AKAM_10Q_20250930,traditional,income_statement,shares used in per share calculations,extracted,basic,2024_2,"151,776",151776000.0,WeightedAverageNumberOfSharesOutstandingBasic,manual,151776000.0,match,
AKAM_10Q_20250930,traditional,income_statement,shares used in per share calculations,extracted,diluted,2025,"144,811",144811000.0,WeightedAverageNumberOfDilutedSharesOutstanding,manual,144811000.0,match,
AKAM_10Q_20250930,traditional,income_statement,shares used in per share calculations,extracted,diluted,2024,"153,240",153240000.0,WeightedAverageNumberOfDilutedSharesOutstanding,manual,153240000.0,match,
AKAM_10Q_20250930,traditional,income_statement,shares used in per share calculations,extracted,diluted,2025_2,"147,041",147041000.0,WeightedAverageNumberOfDilutedSharesOutstanding,manual,147041000.0,match,
AKAM_10Q_20250930,traditional,income_statement,shares used in per share calculations,extracted,diluted,2024_2,"154,765",154765000.0,WeightedAverageNumberOfDilutedSharesOutstanding,manual,154765000.0,match,
AKAM_10Q_20250930,traditional,balance_sheet,current liabilities,extracted,accounts payable,2025,"189,967",189967000.0,AccountsPayableCurrent,manual,189967000.0,match,
AKAM_10Q_20250930,traditional,balance_sheet,current liabilities,extracted,accounts payable,2024,"130,447",130447000.0,AccountsPayableCurrent,manual,130447000.0,match,
AKAM_10Q_20250930,traditional,balance_sheet,current liabilities,extracted,accrued expenses,2025,"308,160",308160000.0,AccruedLiabilitiesCurrent,manual,308160000.0,match,
AKAM_10Q_20250930,traditional,balance_sheet,current liabilities,extracted,accrued expenses,2024,"370,888",370888000.0,AccruedLiabilitiesCurrent,manual,370888000.0,match,
AKAM_10Q_20250930,traditional,balance_sheet,current liabilities,extracted,deferred revenue,2025,"162,448",162448000.0,ContractWithCustomerLiabilityCurrent,manual,162448000.0,match,
AKAM_10Q_20250930,traditional,balance_sheet,current liabilities,extracted,deferred revenue,2024,"149,222",149222000.0,ContractWithCustomerLiabilityCurrent,manual,149222000.0,match,
AKAM_10Q_20250930,traditional,balance_sheet,current liabilities,extracted,convertible senior notes,2025,—,0.0,ConvertibleNotesPayableCurrent,manual,0.0,match,
AKAM_10Q_20250930,traditional,balance_sheet,current liabilities,extracted,convertible senior notes,2024,"1,149,116",1149116000.0,ConvertibleNotesPayableCurrent,manual,1149116000.0,match,
AKAM_10Q_20250930,traditional,balance_sheet,current liabilities,extracted,operating lease liabilities,2025,"281,347",281347000.0,OperatingLeaseLiabilityCurrent,manual,281347000.0,match,
AKAM_10Q_20250930,traditional,balance_sheet,current liabilities,extracted,operating lease liabilities,2024,"259,134",259134000.0,OperatingLeaseLiabilityCurrent,manual,259134000.0,match,
AKAM_10Q_20250930,traditional,balance_sheet,current liabilities,extracted,other current liabilities,2025,"8,394",8394000.0,OtherLiabilitiesCurrent,manual,8394000.0,match,
AKAM_10Q_20250930,traditional,balance_sheet,current liabilities,extracted,other current liabilities,2024,"32,516",32516000.0,OtherLiabilitiesCurrent,manual,32516000.0,match,
AKAM_10Q_20250930,traditional,balance_sheet,current liabilities,extracted,total current liabilities,2025,"950,316",950316000.0,LiabilitiesCurrent,manual,950316000.0,match,
AKAM_10Q_20250930,traditional,balance_sheet,current liabilities,extracted,total current liabilities,2024,"2,091,323",2091323000.0,LiabilitiesCurrent,manual,2091323000.0,match,
AKAM_10Q_20250930,traditional,balance_sheet,,inferred,deferred revenue,2025,"22,981",22981000.0,ContractWithCustomerLiabilityNoncurrent,manual,22981000.0,match,
AKAM_10Q_20250930,traditional,balance_sheet,,inferred,deferred revenue,2024,"26,314",26314000.0,ContractWithCustomerLiabilityNoncurrent,manual,26314000.0,match,
AKAM_10Q_20250930,traditional,balance_sheet,,inferred,deferred income tax liabilities,2025,"27,154",27154000.0,DeferredIncomeTaxLiabilitiesNet,manual,27154000.0,match,
AKAM_10Q_20250930,traditional,balance_sheet,,inferred,deferred income tax liabilities,2024,"16,066",16066000.0,DeferredIncomeTaxLiabilitiesNet,manual,16066000.0,match,
AKAM_10Q_20250930,traditional,balance_sheet,,inferred,convertible senior notes,2025,"4,103,106",4103106000.0,ConvertibleLongTermNotesPayable,manual,4103106000.0,match,
AKAM_10Q_20250930,traditional,balance_sheet,,inferred,convertible senior notes,2024,"2,396,695",2396695000.0,ConvertibleLongTermNotesPayable,manual,2396695000.0,match,
AKAM_10Q_20250930,traditional,balance_sheet,,inferred,operating lease liabilities,2025,"846,619",846619000.0,OperatingLeaseLiabilityNoncurrent,manual,846619000.0,match,
AKAM_10Q_20250930,traditional,balance_sheet,,inferred,operating lease liabilities,2024,"829,660",829660000.0,OperatingLeaseLiabilityNoncurrent,manual,829660000.0,match,
AKAM_10Q_20250930,traditional,balance_sheet,,inferred,other liabilities,2025,"151,153",151153000.0,OtherLiabilitiesNoncurrent,manual,151153000.0,match,
AKAM_10Q_20250930,traditional,balance_sheet,,inferred,other liabilities,2024,"130,370",130370000.0,OtherLiabilitiesNoncurrent,manual,130370000.0,match,
AKAM_10Q_20250930,traditional,balance_sheet,,inferred,total liabilities,2025,"6,101,329",6101329000.0,Liabilities,manual,6101329000.0,match,
AKAM_10Q_20250930,traditional,balance_sheet,,inferred,total liabilities,2024,"5,490,428",5490428000.0,Liabilities,manual,5490428000.0,match,
AKAM_10Q_20250930,traditional,balance_sheet,,inferred,junior participating preferred stock; no shares issued or outstanding,2025,—,0.0,PreferredStockValue,manual,0.0,match,
AKAM_10Q_20250930,traditional,balance_sheet,,inferred,junior participating preferred stock; no shares issued or outstanding,2024,—,0.0,PreferredStockValue,manual,0.0,match,
AKAM_10Q_20250930,traditional,balance_sheet,,inferred,"common stock, $0.01 par value",2025,"1,591",1591000.0,CommonStockValue,manual,1591000.0,match,
AKAM_10Q_20250930,traditional,balance_sheet,,inferred,"common stock, $0.01 par value",2024,"1,556",1556000.0,CommonStockValue,manual,1556000.0,match,
AKAM_10Q_20250930,traditional,balance_sheet,,inferred,additional paid-in capital,2025,"2,819,050",2819050000.0,AdditionalPaidInCapital,manual,2819050000.0,match,
AKAM_10Q_20250930,traditional,balance_sheet,,inferred,additional paid-in capital,2024,"2,618,384",2618384000.0,AdditionalPaidInCapital,manual,2618384000.0,match,
AKAM_10Q_20250930,traditional,balance_sheet,,inferred,accumulated other comprehensive loss,2025,"(93,318)",-93318000.0,AccumulatedOtherComprehensiveIncomeLossNetOfTax,manual,-93318000.0,match,
AKAM_10Q_20250930,traditional,balance_sheet,,inferred,accumulated other comprehensive loss,2024,"(155,993)",-155993000.0,AccumulatedOtherComprehensiveIncomeLossNetOfTax,manual,-155993000.0,match,
AKAM_10Q_20250930,traditional,balance_sheet,,inferred,"treasury stock, at cost, 15,345,537 shares at september 30, 2025, and 5,622,892 shares at december 31,",2025,"(1,335,236)",-1335236000.0,TreasuryStockCommonValue,manual,1335236000.0,sign,"Presentation sign convention: PDF and XBRL magnitudes agree within reported precision, but their signs differ. Preserved both source signs and retained the explicit sign classification; no value was silently flipped."
AKAM_10Q_20250930,traditional,balance_sheet,,inferred,"treasury stock, at cost, 15,345,537 shares at september 30, 2025, and 5,622,892 shares at december 31,",2024,"(558,488)",-558488000.0,TreasuryStockCommonValue,manual,558488000.0,sign,"Presentation sign convention: PDF and XBRL magnitudes agree within reported precision, but their signs differ. Preserved both source signs and retained the explicit sign classification; no value was silently flipped."
AKAM_10Q_20250930,traditional,balance_sheet,,inferred,retained earnings,2025,"3,339,857",3339857000.0,RetainedEarningsAccumulatedDeficit,manual,3339857000.0,match,
AKAM_10Q_20250930,traditional,balance_sheet,,inferred,retained earnings,2024,"2,972,898",2972898000.0,RetainedEarningsAccumulatedDeficit,manual,2972898000.0,match,
AKAM_10Q_20250930,traditional,balance_sheet,,inferred,total stockholders' equity,2025,"4,731,944",4731944000.0,StockholdersEquity,manual,4731944000.0,match,
AKAM_10Q_20250930,traditional,balance_sheet,,inferred,total stockholders' equity,2024,"4,878,357",4878357000.0,StockholdersEquity,manual,4878357000.0,match,
AKAM_10Q_20250930,traditional,balance_sheet,,inferred,total liabilities and stockholders' equity,2025,"10,833,273",10833273000.0,LiabilitiesAndStockholdersEquity,manual,10833273000.0,match,
AKAM_10Q_20250930,traditional,balance_sheet,,inferred,total liabilities and stockholders' equity,2024,"10,368,785",10368785000.0,LiabilitiesAndStockholdersEquity,manual,10368785000.0,match,
AKAM_10Q_20250930,docling,income_statement,,extracted,revenue,2025,"$ 1,054,630",1054630000.0,RevenueFromContractWithCustomerIncludingAssessedTax,manual,1054630000.0,match,
AKAM_10Q_20250930,docling,income_statement,,extracted,revenue,2024,"$ 1,004,679",1004679000.0,RevenueFromContractWithCustomerIncludingAssessedTax,manual,1004679000.0,match,
AKAM_10Q_20250930,docling,income_statement,,extracted,revenue,2025_2,"$ 3,113,263",3113263000.0,RevenueFromContractWithCustomerIncludingAssessedTax,manual,3113263000.0,match,
AKAM_10Q_20250930,docling,income_statement,,extracted,revenue,2024_2,"$ 2,971,229",2971229000.0,RevenueFromContractWithCustomerIncludingAssessedTax,manual,2971229000.0,match,
AKAM_10Q_20250930,docling,income_statement,costs and operating expenses,extracted,cost of revenue (exclusive of amortization of acquired intangible assets shown below),2025,"429,532",429532000.0,CostOfRevenue,manual,429532000.0,match,
AKAM_10Q_20250930,docling,income_statement,costs and operating expenses,extracted,cost of revenue (exclusive of amortization of acquired intangible assets shown below),2024,"408,806",408806000.0,CostOfRevenue,manual,408806000.0,match,
AKAM_10Q_20250930,docling,income_statement,costs and operating expenses,extracted,cost of revenue (exclusive of amortization of acquired intangible assets shown below),2025_2,"1,275,012",1275012000.0,CostOfRevenue,manual,1275012000.0,match,
AKAM_10Q_20250930,docling,income_statement,costs and operating expenses,extracted,cost of revenue (exclusive of amortization of acquired intangible assets shown below),2024_2,"1,206,437",1206437000.0,CostOfRevenue,manual,1206437000.0,match,
AKAM_10Q_20250930,docling,income_statement,costs and operating expenses,extracted,research and development,2025,"124,720",124720000.0,ResearchAndDevelopmentExpense,manual,124720000.0,match,
AKAM_10Q_20250930,docling,income_statement,costs and operating expenses,extracted,research and development,2024,"120,347",120347000.0,ResearchAndDevelopmentExpense,manual,120347000.0,match,
AKAM_10Q_20250930,docling,income_statement,costs and operating expenses,extracted,research and development,2025_2,"374,107",374107000.0,ResearchAndDevelopmentExpense,manual,374107000.0,match,
AKAM_10Q_20250930,docling,income_statement,costs and operating expenses,extracted,research and development,2024_2,"350,631",350631000.0,ResearchAndDevelopmentExpense,manual,350631000.0,match,
AKAM_10Q_20250930,docling,income_statement,costs and operating expenses,extracted,sales and marketing,2025,"144,867",144867000.0,SellingAndMarketingExpense,manual,144867000.0,match,
AKAM_10Q_20250930,docling,income_statement,costs and operating expenses,extracted,sales and marketing,2024,"138,551",138551000.0,SellingAndMarketingExpense,manual,138551000.0,match,
AKAM_10Q_20250930,docling,income_statement,costs and operating expenses,extracted,sales and marketing,2025_2,"425,237",425237000.0,SellingAndMarketingExpense,manual,425237000.0,match,
AKAM_10Q_20250930,docling,income_statement,costs and operating expenses,extracted,sales and marketing,2024_2,"412,160",412160000.0,SellingAndMarketingExpense,manual,412160000.0,match,
AKAM_10Q_20250930,docling,income_statement,costs and operating expenses,extracted,general and administrative,2025,"161,719",161719000.0,GeneralAndAdministrativeExpense,manual,161719000.0,match,
AKAM_10Q_20250930,docling,income_statement,costs and operating expenses,extracted,general and administrative,2024,"159,957",159957000.0,GeneralAndAdministrativeExpense,manual,159957000.0,match,
AKAM_10Q_20250930,docling,income_statement,costs and operating expenses,extracted,general and administrative,2025_2,"480,249",480249000.0,GeneralAndAdministrativeExpense,manual,480249000.0,match,
AKAM_10Q_20250930,docling,income_statement,costs and operating expenses,extracted,general and administrative,2024_2,"466,241",466241000.0,GeneralAndAdministrativeExpense,manual,466241000.0,match,
AKAM_10Q_20250930,docling,income_statement,costs and operating expenses,extracted,amortization of acquired intangible assets,2025,"27,783",27783000.0,AmortizationOfIntangibleAssets,manual,27783000.0,match,
AKAM_10Q_20250930,docling,income_statement,costs and operating expenses,extracted,amortization of acquired intangible assets,2024,"24,368",24368000.0,AmortizationOfIntangibleAssets,manual,24368000.0,match,
AKAM_10Q_20250930,docling,income_statement,costs and operating expenses,extracted,amortization of acquired intangible assets,2025_2,"83,141",83141000.0,AmortizationOfIntangibleAssets,manual,83141000.0,match,
AKAM_10Q_20250930,docling,income_statement,costs and operating expenses,extracted,amortization of acquired intangible assets,2024_2,"66,467",66467000.0,AmortizationOfIntangibleAssets,manual,66467000.0,match,
AKAM_10Q_20250930,docling,income_statement,costs and operating expenses,extracted,restructuring (benefit) charge,2025,(15),-15000.0,RestructuringCharges,manual,-15000.0,match,
AKAM_10Q_20250930,docling,income_statement,costs and operating expenses,extracted,restructuring (benefit) charge,2024,"82,013",82013000.0,RestructuringCharges,manual,82013000.0,match,
AKAM_10Q_20250930,docling,income_statement,costs and operating expenses,extracted,restructuring (benefit) charge,2025_2,"3,449",3449000.0,RestructuringCharges,manual,3449000.0,match,
AKAM_10Q_20250930,docling,income_statement,costs and operating expenses,extracted,restructuring (benefit) charge,2024_2,"83,942",83942000.0,RestructuringCharges,manual,83942000.0,match,
AKAM_10Q_20250930,docling,income_statement,costs and operating expenses,extracted,total costs and operating expenses,2025,"888,606",888606000.0,CostsAndExpenses,manual,888606000.0,match,
AKAM_10Q_20250930,docling,income_statement,costs and operating expenses,extracted,total costs and operating expenses,2024,"934,042",934042000.0,CostsAndExpenses,manual,934042000.0,match,
AKAM_10Q_20250930,docling,income_statement,costs and operating expenses,extracted,total costs and operating expenses,2025_2,"2,641,195",2641195000.0,CostsAndExpenses,manual,2641195000.0,match,
AKAM_10Q_20250930,docling,income_statement,costs and operating expenses,extracted,total costs and operating expenses,2024_2,"2,585,878",2585878000.0,CostsAndExpenses,manual,2585878000.0,match,
AKAM_10Q_20250930,docling,income_statement,,extracted,income from operations,2025,"166,024",166024000.0,OperatingIncomeLoss,manual,166024000.0,match,
AKAM_10Q_20250930,docling,income_statement,,extracted,income from operations,2024,"70,637",70637000.0,OperatingIncomeLoss,manual,70637000.0,match,
AKAM_10Q_20250930,docling,income_statement,,extracted,income from operations,2025_2,"472,068",472068000.0,OperatingIncomeLoss,manual,472068000.0,match,
AKAM_10Q_20250930,docling,income_statement,,extracted,income from operations,2024_2,"385,351",385351000.0,OperatingIncomeLoss,manual,385351000.0,match,
AKAM_10Q_20250930,docling,income_statement,,extracted,"interest and marketable securities income, net",2025,"18,893",18893000.0,InterestAndMarketableSecuritiesIncomeLossNet,manual,18893000.0,match,
AKAM_10Q_20250930,docling,income_statement,,extracted,"interest and marketable securities income, net",2024,"23,065",23065000.0,InterestAndMarketableSecuritiesIncomeLossNet,manual,23065000.0,match,
AKAM_10Q_20250930,docling,income_statement,,extracted,"interest and marketable securities income, net",2025_2,"52,552",52552000.0,InterestAndMarketableSecuritiesIncomeLossNet,manual,52552000.0,match,
AKAM_10Q_20250930,docling,income_statement,,extracted,"interest and marketable securities income, net",2024_2,"77,534",77534000.0,InterestAndMarketableSecuritiesIncomeLossNet,manual,77534000.0,match,
AKAM_10Q_20250930,docling,income_statement,,extracted,interest expense,2025,"(7,915)",-7915000.0,InterestExpenseNonoperating,manual,7915000.0,sign,"Presentation sign convention: PDF and XBRL magnitudes agree within reported precision, but their signs differ. Preserved both source signs and retained the explicit sign classification; no value was silently flipped."
AKAM_10Q_20250930,docling,income_statement,,extracted,interest expense,2024,"(6,735)",-6735000.0,InterestExpenseNonoperating,manual,6735000.0,sign,"Presentation sign convention: PDF and XBRL magnitudes agree within reported precision, but their signs differ. Preserved both source signs and retained the explicit sign classification; no value was silently flipped."
AKAM_10Q_20250930,docling,income_statement,,extracted,interest expense,2025_2,"(22,866)",-22866000.0,InterestExpenseNonoperating,manual,22866000.0,sign,"Presentation sign convention: PDF and XBRL magnitudes agree within reported precision, but their signs differ. Preserved both source signs and retained the explicit sign classification; no value was silently flipped."
AKAM_10Q_20250930,docling,income_statement,,extracted,interest expense,2024_2,"(20,382)",-20382000.0,InterestExpenseNonoperating,manual,20382000.0,sign,"Presentation sign convention: PDF and XBRL magnitudes agree within reported precision, but their signs differ. Preserved both source signs and retained the explicit sign classification; no value was silently flipped."
AKAM_10Q_20250930,docling,income_statement,,extracted,"other expense, net",2025,"(3,837)",-3837000.0,OtherNonoperatingIncomeExpense,label,-3837000.0,match,
AKAM_10Q_20250930,docling,income_statement,,extracted,"other expense, net",2024,"(13,161)",-13161000.0,OtherNonoperatingIncomeExpense,label,-13161000.0,match,
AKAM_10Q_20250930,docling,income_statement,,extracted,"other expense, net",2025_2,"(3,268)",-3268000.0,OtherNonoperatingIncomeExpense,label,-3268000.0,match,
AKAM_10Q_20250930,docling,income_statement,,extracted,"other expense, net",2024_2,"(13,599)",-13599000.0,OtherNonoperatingIncomeExpense,label,-13599000.0,match,
AKAM_10Q_20250930,docling,income_statement,,extracted,income before provision for income taxes,2025,"173,165",173165000.0,IncomeLossFromContinuingOperationsBeforeIncomeTaxesExtraordinaryItemsNoncontrollingInterest,label,173165000.0,match,
AKAM_10Q_20250930,docling,income_statement,,extracted,income before provision for income taxes,2024,"73,806",73806000.0,IncomeLossFromContinuingOperationsBeforeIncomeTaxesExtraordinaryItemsNoncontrollingInterest,label,73806000.0,match,
AKAM_10Q_20250930,docling,income_statement,,extracted,income before provision for income taxes,2025_2,"498,486",498486000.0,IncomeLossFromContinuingOperationsBeforeIncomeTaxesExtraordinaryItemsNoncontrollingInterest,label,498486000.0,match,
AKAM_10Q_20250930,docling,income_statement,,extracted,income before provision for income taxes,2024_2,"428,904",428904000.0,IncomeLossFromContinuingOperationsBeforeIncomeTaxesExtraordinaryItemsNoncontrollingInterest,label,428904000.0,match,
AKAM_10Q_20250930,docling,income_statement,,extracted,provision for income taxes,2025,"(32,995)",-32995000.0,IncomeTaxExpenseBenefit,manual,32995000.0,sign,"Presentation sign convention: PDF and XBRL magnitudes agree within reported precision, but their signs differ. Preserved both source signs and retained the explicit sign classification; no value was silently flipped."
AKAM_10Q_20250930,docling,income_statement,,extracted,provision for income taxes,2024,"(15,899)",-15899000.0,IncomeTaxExpenseBenefit,manual,15899000.0,sign,"Presentation sign convention: PDF and XBRL magnitudes agree within reported precision, but their signs differ. Preserved both source signs and retained the explicit sign classification; no value was silently flipped."
AKAM_10Q_20250930,docling,income_statement,,extracted,provision for income taxes,2025_2,"(131,527)",-131527000.0,IncomeTaxExpenseBenefit,manual,131527000.0,sign,"Presentation sign convention: PDF and XBRL magnitudes agree within reported precision, but their signs differ. Preserved both source signs and retained the explicit sign classification; no value was silently flipped."
AKAM_10Q_20250930,docling,income_statement,,extracted,provision for income taxes,2024_2,"(63,891)",-63891000.0,IncomeTaxExpenseBenefit,manual,63891000.0,sign,"Presentation sign convention: PDF and XBRL magnitudes agree within reported precision, but their signs differ. Preserved both source signs and retained the explicit sign classification; no value was silently flipped."
AKAM_10Q_20250930,docling,income_statement,,extracted,net income,2025,"$ 140,170",140170000.0,NetIncomeLoss,manual,140170000.0,match,
AKAM_10Q_20250930,docling,income_statement,,extracted,net income,2024,"$ 57,907",57907000.0,NetIncomeLoss,manual,57907000.0,match,
AKAM_10Q_20250930,docling,income_statement,,extracted,net income,2025_2,"$ 366,959",366959000.0,NetIncomeLoss,manual,366959000.0,match,
AKAM_10Q_20250930,docling,income_statement,,extracted,net income,2024_2,"$ 365,013",365013000.0,NetIncomeLoss,manual,365013000.0,match,
AKAM_10Q_20250930,docling,income_statement,net income per share,extracted,basic,2025,$ 0.98,0.98,EarningsPerShareBasic,manual,0.98,match,
AKAM_10Q_20250930,docling,income_statement,net income per share,extracted,basic,2024,$ 0.38,0.38,EarningsPerShareBasic,manual,0.38,match,
AKAM_10Q_20250930,docling,income_statement,net income per share,extracted,basic,2025_2,$ 2.52,2.52,EarningsPerShareBasic,manual,2.52,match,
AKAM_10Q_20250930,docling,income_statement,net income per share,extracted,basic,2024_2,$ 2.40,2.4,EarningsPerShareBasic,manual,2.4,match,
AKAM_10Q_20250930,docling,income_statement,net income per share,extracted,diluted,2025,$ 0.97,0.97,EarningsPerShareDiluted,manual,0.97,match,
AKAM_10Q_20250930,docling,income_statement,net income per share,extracted,diluted,2024,$ 0.38,0.38,EarningsPerShareDiluted,manual,0.38,match,
AKAM_10Q_20250930,docling,income_statement,net income per share,extracted,diluted,2025_2,$ 2.50,2.5,EarningsPerShareDiluted,manual,2.5,match,
AKAM_10Q_20250930,docling,income_statement,net income per share,extracted,diluted,2024_2,$ 2.36,2.36,EarningsPerShareDiluted,manual,2.36,match,
AKAM_10Q_20250930,docling,income_statement,shares used in per share calculations,extracted,basic,2025,"143,577",143577000.0,WeightedAverageNumberOfSharesOutstandingBasic,manual,143577000.0,match,
AKAM_10Q_20250930,docling,income_statement,shares used in per share calculations,extracted,basic,2024,"151,435",151435000.0,WeightedAverageNumberOfSharesOutstandingBasic,manual,151435000.0,match,
AKAM_10Q_20250930,docling,income_statement,shares used in per share calculations,extracted,basic,2025_2,"145,795",145795000.0,WeightedAverageNumberOfSharesOutstandingBasic,manual,145795000.0,match,
AKAM_10Q_20250930,docling,income_statement,shares used in per share calculations,extracted,basic,2024_2,"151,776",151776000.0,WeightedAverageNumberOfSharesOutstandingBasic,manual,151776000.0,match,
AKAM_10Q_20250930,docling,income_statement,shares used in per share calculations,extracted,diluted,2025,"144,811",144811000.0,WeightedAverageNumberOfDilutedSharesOutstanding,manual,144811000.0,match,
AKAM_10Q_20250930,docling,income_statement,shares used in per share calculations,extracted,diluted,2024,"153,240",153240000.0,WeightedAverageNumberOfDilutedSharesOutstanding,manual,153240000.0,match,
AKAM_10Q_20250930,docling,income_statement,shares used in per share calculations,extracted,diluted,2025_2,"147,041",147041000.0,WeightedAverageNumberOfDilutedSharesOutstanding,manual,147041000.0,match,
AKAM_10Q_20250930,docling,income_statement,shares used in per share calculations,extracted,diluted,2024_2,"154,765",154765000.0,WeightedAverageNumberOfDilutedSharesOutstanding,manual,154765000.0,match,
AKAM_10Q_20250930,docling,balance_sheet,current assets,extracted,cash and cash equivalents,2025,"$ 927,933",927933000.0,CashAndCashEquivalentsAtCarryingValue,manual,927933000.0,match,
AKAM_10Q_20250930,docling,balance_sheet,current assets,extracted,cash and cash equivalents,2024,"$ 517,707",517707000.0,CashAndCashEquivalentsAtCarryingValue,manual,517707000.0,match,
AKAM_10Q_20250930,docling,balance_sheet,current assets,extracted,marketable securities,2025,"190,807",190807000.0,MarketableSecuritiesCurrent,manual,190807000.0,match,
AKAM_10Q_20250930,docling,balance_sheet,current assets,extracted,marketable securities,2024,"1,078,876",1078876000.0,MarketableSecuritiesCurrent,manual,1078876000.0,match,
AKAM_10Q_20250930,docling,balance_sheet,current assets,extracted,"accounts receivable, net of reserves of $5,769 and $3,522 at september 30, 2025, and december 31, 2024, respectively",2025,"765,891",765891000.0,AccountsReceivableNetCurrent,manual,765891000.0,match,
AKAM_10Q_20250930,docling,balance_sheet,current assets,extracted,"accounts receivable, net of reserves of $5,769 and $3,522 at september 30, 2025, and december 31, 2024, respectively",2024,"727,687",727687000.0,AccountsReceivableNetCurrent,manual,727687000.0,match,
AKAM_10Q_20250930,docling,balance_sheet,current assets,extracted,prepaid expenses and other current assets,2025,"282,607",282607000.0,PrepaidExpenseAndOtherAssetsCurrent,manual,282607000.0,match,
AKAM_10Q_20250930,docling,balance_sheet,current assets,extracted,prepaid expenses and other current assets,2024,"253,827",253827000.0,PrepaidExpenseAndOtherAssetsCurrent,manual,253827000.0,match,
AKAM_10Q_20250930,docling,balance_sheet,current assets,extracted,total current assets,2025,"2,167,238",2167238000.0,AssetsCurrent,manual,2167238000.0,match,
AKAM_10Q_20250930,docling,balance_sheet,current assets,extracted,total current assets,2024,"2,578,097",2578097000.0,AssetsCurrent,manual,2578097000.0,match,
AKAM_10Q_20250930,docling,balance_sheet,,inferred,marketable securities,2025,"694,000",694000000.0,MarketableSecuritiesNoncurrent,manual,694000000.0,match,
AKAM_10Q_20250930,docling,balance_sheet,,inferred,marketable securities,2024,"275,592",275592000.0,MarketableSecuritiesNoncurrent,manual,275592000.0,match,
AKAM_10Q_20250930,docling,balance_sheet,,inferred,"property and equipment, net",2025,"2,317,804",2317804000.0,PropertyPlantAndEquipmentAndCapitalizedSoftwareNet,label,2317804000.0,match,
AKAM_10Q_20250930,docling,balance_sheet,,inferred,"property and equipment, net",2024,"1,995,071",1995071000.0,PropertyPlantAndEquipmentAndCapitalizedSoftwareNet,label,1995071000.0,match,
AKAM_10Q_20250930,docling,balance_sheet,,inferred,operating lease right-of-use assets,2025,"1,021,166",1021166000.0,OperatingLeaseRightOfUseAsset,manual,1021166000.0,match,
AKAM_10Q_20250930,docling,balance_sheet,,inferred,operating lease right-of-use assets,2024,"1,006,738",1006738000.0,OperatingLeaseRightOfUseAsset,manual,1006738000.0,match,
AKAM_10Q_20250930,docling,balance_sheet,,inferred,"acquired intangible assets, net",2025,"647,480",647480000.0,IntangibleAssetsNetExcludingGoodwill,manual,647480000.0,match,
AKAM_10Q_20250930,docling,balance_sheet,,inferred,"acquired intangible assets, net",2024,"727,585",727585000.0,IntangibleAssetsNetExcludingGoodwill,manual,727585000.0,match,
AKAM_10Q_20250930,docling,balance_sheet,,inferred,goodwill,2025,"3,170,123",3170123000.0,Goodwill,manual,3170123000.0,match,
AKAM_10Q_20250930,docling,balance_sheet,,inferred,goodwill,2024,"3,151,077",3151077000.0,Goodwill,manual,3151077000.0,match,
AKAM_10Q_20250930,docling,balance_sheet,,inferred,deferred income tax assets,2025,"619,367",619367000.0,DeferredIncomeTaxAssetsNet,manual,619367000.0,match,
AKAM_10Q_20250930,docling,balance_sheet,,inferred,deferred income tax assets,2024,"483,249",483249000.0,DeferredIncomeTaxAssetsNet,manual,483249000.0,match,
AKAM_10Q_20250930,docling,balance_sheet,,inferred,other assets,2025,"196,095",196095000.0,OtherAssetsNoncurrent,manual,196095000.0,match,
AKAM_10Q_20250930,docling,balance_sheet,,inferred,other assets,2024,"151,376",151376000.0,OtherAssetsNoncurrent,manual,151376000.0,match,
AKAM_10Q_20250930,docling,balance_sheet,,inferred,total assets,2025,"$ 10,833,273",10833273000.0,Assets,manual,10833273000.0,match,
AKAM_10Q_20250930,docling,balance_sheet,,inferred,total assets,2024,"$ 10,368,785",10368785000.0,Assets,manual,10368785000.0,match,
