section,label,2022
adoption of new accounting,pronouncement,-375414000.0
"units, net of shares withheld for",employee taxes,1697410000.0
issuance of common stock under,employee stock purchase plan,687945000.0
issuance of common stock under,stock-based compensation,246872000.0
issuance of common stock under,repurchases of common stock,-6402650000.0
issuance of common stock under,treasury stock retirement,-64000.0
issuance of common stock under,net income,523672000.0
foreign currency translation,adjustment,-44665000.0
change in unrealized loss on,"investments, net of tax",-26562000.0
change in unrealized loss on,"balance at december 31, 2022",156494816000.0
