section,label,2025,2024,2025_2,2024_2
,revenue,1054630000.0,1004679000.0,3113263000.0,2971229000.0
cost of revenue (exclusive of amortization of acquired,intangible assets shown below),429532000.0,408806000.0,1275012000.0,1206437000.0
cost of revenue (exclusive of amortization of acquired,research and development,124720000.0,120347000.0,374107000.0,350631000.0
cost of revenue (exclusive of amortization of acquired,sales and marketing,144867000.0,138551000.0,425237000.0,412160000.0
cost of revenue (exclusive of amortization of acquired,general and administrative,161719000.0,159957000.0,480249000.0,466241000.0
cost of revenue (exclusive of amortization of acquired,amortization of acquired intangible assets,27783000.0,24368000.0,83141000.0,66467000.0
cost of revenue (exclusive of amortization of acquired,restructuring (benefit) charge,-15000.0,82013000.0,3449000.0,83942000.0
cost of revenue (exclusive of amortization of acquired,total costs and operating expenses,888606000.0,934042000.0,2641195000.0,2585878000.0
,income from operations,166024000.0,70637000.0,472068000.0,385351000.0
,"interest and marketable securities income, net",18893000.0,23065000.0,52552000.0,77534000.0
,interest expense,-7915000.0,-6735000.0,-22866000.0,-20382000.0
,"other expense, net",-3837000.0,-13161000.0,-3268000.0,-13599000.0
,income before provision for income taxes,173165000.0,73806000.0,498486000.0,428904000.0
,provision for income taxes,-32995000.0,-15899000.0,-131527000.0,-63891000.0
,net income,140170000.0,57907000.0,366959000.0,365013000.0
net income per share,basic,0.98,0.38,2.52,2.4
net income per share,diluted,0.97,0.38,2.5,2.36
shares used in per share calculations,basic,143577000.0,151435000.0,145795000.0,151776000.0
shares used in per share calculations,diluted,144811000.0,153240000.0,147041000.0,154765000.0
