section,label,2025
part i. financial information,item 1. financial statements (unaudited),3.0
part i. financial information,"condensed consolidated balance sheets at september 30, 2025 and december 31, 2024",3.0
part i. financial information,"condensed consolidated statements of income for the three and nine months ended september 30, 2025 and 2024",5.0
part i. financial information,"condensed consolidated statements of comprehensive income for the three and nine months ended september 30, 2025 and",6.0
part i. financial information,"condensed consolidated statements of cash flows for the nine months ended september 30, 2025 and 2024",7.0
part i. financial information,"condensed consolidated statements of stockholders' equity for the three and nine months ended september 30, 2025 and",9.0
part i. financial information,notes to unaudited condensed consolidated financial statements,13.0
part i. financial information,item 2. management's discussion and analysis of financial condition and results of operations,26.0
part i. financial information,item 3. quantitative and qualitative disclosures about market risk,42.0
part i. financial information,item 4. controls and procedures,43.0
part ii. other information,item 1. legal proceedings,44.0
part ii. other information,item 1a. risk factors,45.0
part ii. other information,item 2. unregistered sales of equity securities and use of proceeds,60.0
part ii. other information,item 5. other information,60.0
part ii. other information,item 6. exhibits,61.0
part ii. other information,signatures,62.0
