section,label,2024,2023,2022
,revenue,100.0,100.0,100.0
costs and operating expenses,cost of revenue (exclusive of amortization of acquired intangible assets shown below),40.6,39.6,38.3
costs and operating expenses,research and development,11.8,10.7,10.8
costs and operating expenses,sales and marketing,14.0,14.0,13.9
costs and operating expenses,general and administrative,15.6,15.8,16.2
costs and operating expenses,amortization of acquired intangible assets,2.3,1.8,1.8
costs and operating expenses,restructuring charge,2.4,1.5,0.4
costs and operating expenses,total costs and operating expenses,86.7,83.4,81.4
,income from operations,13.4,16.6,18.6
,"interest and marketable securities income, net",2.5,1.2,0.1
,interest expense,-0.7,-0.5,-0.3
,"other expense, net",-0.5,-0.3,-0.3
,income before provision for income taxes,14.7,17.0,18.1
,provision for income taxes,-2.1,-2.8,-3.5
,gain (loss) from equity method investment,0.0,0.0,-0.2
,net income,12.7,14.2,14.4
