doc_id,stem,page,table,kind,method,accuracy,whitespace,quality,coverage,placement,accepted,tried,managed,rulings,rows,cols,cells,merged_cells,periods,scale,bbox,camelot_version,seconds
0001086222-25-000028,AKAM_10K_20241231,3,1,,pdfplumber,,65.61,47.19,1.0,0.49,False,"lattice:none stream:q=93.4,cov=0.96,placed=0.00 network:q=90.6,cov=1.00,placed=0.47 pdfplumber:q=47.2,cov=1.00,placed=0.49",disabled,100,54,7,24,0,1,1.0,"[5.9, 1.1, 605.1, 612.6]",2.0.0,3.92
0001086222-25-000028,AKAM_10K_20241231,27,1,,network,98.3,33.93,81.33,0.725,0.125,False,"lattice:q=96.9,cov=0.53,placed=0.07 stream:q=55.8,cov=1.00,placed=0.00 network:q=81.3,cov=0.72,placed=0.12 pdfplumber:q=54.1,cov=0.82,placed=0.12",,52,14,4,5,0,1,1000.0,"[5.9, 43.1, 604.5, 240.0]",2.0.0,1.24
0001086222-25-000028,AKAM_10K_20241231,30,1,,network,98.74,15.48,91.0,1.0,0.8,True,"lattice:q=75.0,cov=0.40,placed=0.00 stream:q=69.0,cov=1.00,placed=0.51 network:q=91.0,cov=1.00,placed=0.80",,211,21,4,48,0,3,1.0,"[6.9, 115.2, 603.4, 422.9]",2.0.0,1.16
0001086222-25-000028,AKAM_10K_20241231,30,2,,network,97.86,38.64,78.54,1.0,0.8,True,"lattice:q=75.0,cov=0.40,placed=0.00 stream:q=69.0,cov=1.00,placed=0.51 network:q=91.0,cov=1.00,placed=0.80",,211,8,11,16,0,4,1.0,"[6.9, 498.4, 605.1, 595.0]",2.0.0,1.17
0001086222-25-000028,AKAM_10K_20241231,31,1,,pdfplumber,,52.43,53.78,0.842,0.368,False,"lattice:none stream:q=43.1,cov=1.00,placed=0.34 network:q=63.4,cov=0.68,placed=0.32 pdfplumber:q=53.8,cov=0.84,placed=0.37",disabled,148,38,13,14,1,4,1.0,"[5.9, 1.1, 594.9, 431.0]",2.0.0,0.93
0001086222-25-000028,AKAM_10K_20241231,32,1,,network,98.07,48.82,73.66,0.952,0.645,False,"lattice:none stream:q=73.0,cov=1.00,placed=0.00 network:q=73.7,cov=0.95,placed=0.65 pdfplumber:q=52.5,cov=0.85,placed=0.32",,112,17,10,40,0,4,1000.0,"[6.9, 95.3, 605.1, 299.3]",2.0.0,1.32
0001086222-25-000028,AKAM_10K_20241231,32,2,,network,78.18,31.25,62.56,0.952,0.645,False,"lattice:none stream:q=73.0,cov=1.00,placed=0.00 network:q=73.7,cov=0.95,placed=0.65 pdfplumber:q=52.5,cov=0.85,placed=0.32",,112,16,2,0,0,1,1000.0,"[41.2, 319.6, 604.2, 559.0]",2.0.0,1.32
0001086222-25-000028,AKAM_10K_20241231,33,1,,stream,79.84,74.71,42.49,1.0,0.622,False,"lattice:none stream:q=42.5,cov=1.00,placed=0.62 network:q=76.2,cov=0.82,placed=0.53 pdfplumber:q=57.8,cov=0.69,placed=0.18",disabled,112,34,10,28,0,5,1000.0,"[-4.1, -47.8, 615.1, 560.1]",2.0.0,1.18
0001086222-25-000028,AKAM_10K_20241231,34,1,,stream,91.82,56.11,63.76,1.0,0.713,False,"lattice:none stream:q=63.8,cov=1.00,placed=0.71 network:q=79.9,cov=1.00,placed=0.67 pdfplumber:q=50.4,cov=0.90,placed=0.37",,214,36,10,72,0,4,1000.0,"[-4.1, 73.6, 615.1, 609.4]",2.0.0,1.36
0001086222-25-000028,AKAM_10K_20241231,35,1,,pdfplumber,,49.07,55.46,0.774,0.548,False,"lattice:none stream:q=37.0,cov=1.00,placed=0.06 network:q=64.1,cov=0.39,placed=0.26 pdfplumber:q=55.5,cov=0.77,placed=0.55",disabled,106,54,14,17,0,2,1.0,"[5.9, 1.1, 592.9, 618.5]",2.0.0,1.51
0001086222-25-000028,AKAM_10K_20241231,36,1,,stream,79.77,73.33,43.1,1.0,0.571,False,"lattice:none stream:q=43.1,cov=1.00,placed=0.57 network:q=83.2,cov=0.84,placed=0.48 pdfplumber:q=57.0,cov=0.48,placed=0.45",disabled,106,42,10,32,0,4,1000.0,"[-4.1, -47.7, 615.1, 691.8]",2.0.0,1.41
0001086222-25-000028,AKAM_10K_20241231,39,1,,stream,97.83,44.16,75.75,0.905,0.952,False,"lattice:q=95.8,cov=0.52,placed=0.00 stream:q=78.0,cov=0.90,placed=0.95 network:none pdfplumber:q=50.7,cov=0.70,placed=0.67",,82,11,7,24,0,4,1000.0,"[-3.1, 59.7, 606.9, 218.1]",2.0.0,0.81
0001086222-25-000028,AKAM_10K_20241231,39,2,,stream,98.4,40.82,77.99,0.905,0.952,False,"lattice:q=95.8,cov=0.52,placed=0.00 stream:q=78.0,cov=0.90,placed=0.95 network:none pdfplumber:q=50.7,cov=0.70,placed=0.67",,82,14,7,36,0,4,1000.0,"[-3.1, 261.2, 614.6, 470.4]",2.0.0,0.82
0001086222-25-000028,AKAM_10K_20241231,40,1,,network,99.99,50.93,74.52,0.842,0.842,False,"lattice:q=100.0,cov=0.84,placed=0.00 stream:q=57.5,cov=1.00,placed=0.84 network:q=74.5,cov=0.84,placed=0.84 pdfplumber:q=56.4,cov=0.89,placed=0.30",,73,23,7,49,0,4,1000.0,"[6.9, 54.8, 604.6, 325.8]",2.0.0,1.37
0001086222-25-000028,AKAM_10K_20241231,41,1,,network,99.99,41.35,79.31,0.906,0.962,False,"lattice:none stream:q=57.3,cov=1.00,placed=0.96 network:q=79.3,cov=0.91,placed=0.96 pdfplumber:q=54.2,cov=0.72,placed=0.96",,46,19,7,51,0,4,1000.0,"[6.9, 54.8, 605.1, 326.5]",2.0.0,1.25
0001086222-25-000028,AKAM_10K_20241231,42,1,,stream,86.55,67.18,52.96,1.0,1.0,False,"lattice:q=91.7,cov=0.88,placed=0.00 stream:q=53.0,cov=1.00,placed=1.00 network:q=85.0,cov=0.88,placed=0.00 pdfplumber:q=52.5,cov=0.61,placed=0.52",disabled,112,37,7,33,0,4,1.0,"[-4.1, -47.7, 614.9, 628.5]",2.0.0,1.19
0001086222-25-000028,AKAM_10K_20241231,43,1,,stream,58.8,81.12,18.24,1.0,0.417,False,"lattice:q=90.0,cov=0.36,placed=0.00 stream:q=37.0,cov=1.00,placed=0.42 network:q=83.3,cov=0.36,placed=0.00 pdfplumber:q=55.8,cov=0.81,placed=0.25",disabled,61,28,7,0,0,2,1000.0,"[-4.1, 133.2, 615.5, 590.3]",2.0.0,1.24
0001086222-25-000028,AKAM_10K_20241231,43,2,,stream,75.09,76.19,37.0,1.0,0.417,False,"lattice:q=90.0,cov=0.36,placed=0.00 stream:q=37.0,cov=1.00,placed=0.42 network:q=83.3,cov=0.36,placed=0.00 pdfplumber:q=55.8,cov=0.81,placed=0.25",disabled,61,36,7,15,0,3,1000.0,"[-4.1, -47.7, 615.6, 613.8]",2.0.0,1.25
0001086222-25-000028,AKAM_10K_20241231,52,1,balance_sheet,stream,100.0,15.94,92.03,1.0,0.819,True,"lattice:q=100.0,cov=0.96,placed=0.16 stream:q=92.0,cov=1.00,placed=0.82",,76,46,3,68,0,2,1000.0,"[-3.1, 34.7, 612.8, 647.7]",2.0.0,0.72
0001086222-25-000028,AKAM_10K_20241231,53,1,income_statement,stream,98.99,46.03,75.97,1.0,1.0,False,"lattice:q=100.0,cov=0.98,placed=0.00 stream:q=76.0,cov=1.00,placed=1.00 network:q=77.7,cov=1.00,placed=0.00 pdfplumber:q=49.0,cov=0.92,placed=0.00",,97,27,7,60,0,3,1000.0,"[-3.1, 61.1, 611.9, 424.8]",2.0.0,0.8
0001086222-25-000028,AKAM_10K_20241231,55,1,cash_flows,network,100.0,47.45,76.28,0.986,1.0,False,"lattice:q=100.0,cov=0.99,placed=0.00 stream:q=74.8,cov=1.00,placed=1.00 network:q=76.3,cov=0.99,placed=1.00 pdfplumber:q=54.4,cov=0.84,placed=0.33",,52,28,7,69,0,3,1000.0,"[6.9, 98.2, 604.6, 454.5]",2.0.0,0.89
0001086222-25-000028,AKAM_10K_20241231,56,1,cash_flows,stream,99.28,51.43,73.56,1.0,1.0,False,"lattice:q=100.0,cov=0.98,placed=0.02 stream:q=73.6,cov=1.00,placed=1.00 network:q=91.7,cov=0.98,placed=0.91",,109,35,7,69,0,3,1000.0,"[-4.1, -47.8, 614.6, 548.4]",2.0.0,0.92
0001086222-25-000028,AKAM_10K_20241231,57,1,equity,network,99.04,71.33,63.38,1.0,0.256,False,"lattice:q=70.8,cov=1.00,placed=0.18 stream:q=59.8,cov=1.00,placed=0.26 network:q=63.4,cov=1.00,placed=0.26 pdfplumber:q=47.6,cov=0.97,placed=0.26",,61,25,12,10,0,1,1000.0,"[6.9, 85.0, 604.5, 353.7]",2.0.0,0.75
0001086222-25-000028,AKAM_10K_20241231,58,1,equity,stream,98.27,77.21,59.66,1.0,0.221,False,"lattice:q=71.4,cov=1.00,placed=0.21 stream:q=59.7,cov=1.00,placed=0.22 network:q=61.6,cov=1.00,placed=0.19 pdfplumber:q=46.9,cov=1.00,placed=0.00",disabled,124,42,14,15,0,1,1000.0,"[-3.1, 78.7, 614.4, 557.2]",2.0.0,1.03
0001086222-25-000028,AKAM_10K_20241231,66,1,,stream,98.67,44.51,76.42,0.873,0.127,False,"lattice:q=90.0,cov=0.84,placed=0.00 stream:q=76.4,cov=0.87,placed=0.13 network:q=75.5,cov=0.87,placed=0.13 pdfplumber:q=52.9,cov=0.96,placed=0.09",,156,14,13,9,0,1,1000.0,"[-3.1, 176.5, 614.5, 377.0]",2.0.0,1.09
0001086222-25-000028,AKAM_10K_20241231,67,1,,pdfplumber,,65.13,47.44,1.0,0.291,False,"lattice:q=100.0,cov=0.67,placed=0.00 stream:q=58.7,cov=1.00,placed=0.15 network:q=83.3,cov=0.65,placed=0.00 pdfplumber:q=47.4,cov=1.00,placed=0.29",disabled,108,60,13,20,1,2,1000.0,"[5.9, 1.1, 602.2, 631.8]",2.0.0,1.13
0001086222-25-000028,AKAM_10K_20241231,68,1,,stream,94.39,64.29,62.24,1.0,0.759,False,"lattice:q=100.0,cov=0.67,placed=0.00 stream:q=62.2,cov=1.00,placed=0.76 network:q=95.5,cov=1.00,placed=0.11 pdfplumber:q=44.7,cov=0.93,placed=0.37",,124,35,8,41,0,3,1000.0,"[-4.1, -47.8, 612.8, 657.2]",2.0.0,1.01
0001086222-25-000028,AKAM_10K_20241231,69,1,,stream,88.45,64.76,56.07,1.0,0.436,False,"lattice:q=100.0,cov=0.11,placed=0.00 stream:q=56.1,cov=1.00,placed=0.44 network:none pdfplumber:q=51.3,cov=0.69,placed=0.27",disabled,52,30,7,24,0,4,1000.0,"[-4.1, -47.8, 615.1, 514.5]",2.0.0,1.38
0001086222-25-000028,AKAM_10K_20241231,70,1,,stream,96.13,44.44,73.91,0.948,0.414,False,"lattice:q=100.0,cov=0.69,placed=0.00 stream:q=73.9,cov=0.95,placed=0.41 network:q=81.2,cov=0.72,placed=0.17 pdfplumber:q=50.8,cov=0.69,placed=0.28",,136,9,13,10,0,2,1000.0,"[-3.1, 98.0, 611.9, 218.8]",2.0.0,1.09
0001086222-25-000028,AKAM_10K_20241231,70,2,,stream,89.18,67.19,55.59,0.948,0.414,False,"lattice:q=100.0,cov=0.69,placed=0.00 stream:q=73.9,cov=0.95,placed=0.41 network:q=81.2,cov=0.72,placed=0.17 pdfplumber:q=50.8,cov=0.69,placed=0.28",,136,16,8,14,0,4,1000.0,"[-4.1, 195.1, 614.6, 453.5]",2.0.0,1.1
0001086222-25-000028,AKAM_10K_20241231,71,1,,stream,88.4,66.96,54.92,1.0,0.914,False,"lattice:q=96.2,cov=0.37,placed=0.00 stream:q=54.9,cov=1.00,placed=0.91 network:q=80.5,cov=0.66,placed=0.06 pdfplumber:q=46.1,cov=0.46,placed=0.51",disabled,49,46,5,16,0,1,1000.0,"[-4.1, -5.0, 615.1, 703.6]",2.0.0,1.21
0001086222-25-000028,AKAM_10K_20241231,71,2,,stream,88.4,66.96,54.92,1.0,0.914,False,"lattice:q=96.2,cov=0.37,placed=0.00 stream:q=54.9,cov=1.00,placed=0.91 network:q=80.5,cov=0.66,placed=0.06 pdfplumber:q=46.1,cov=0.46,placed=0.51",disabled,49,46,5,16,0,1,1000.0,"[-4.1, -47.0, 615.1, 715.3]",2.0.0,1.22
0001086222-25-000028,AKAM_10K_20241231,74,1,,stream,83.97,77.5,45.22,1.0,0.595,False,"lattice:q=100.0,cov=0.76,placed=0.14 stream:q=45.2,cov=1.00,placed=0.59 network:none pdfplumber:q=50.3,cov=0.89,placed=0.38",disabled,70,40,9,22,0,3,1000.0,"[-4.1, -47.8, 615.6, 674.1]",2.0.0,1.16
0001086222-25-000028,AKAM_10K_20241231,75,1,,stream,94.11,53.88,67.17,1.0,0.236,False,"lattice:q=100.0,cov=0.61,placed=0.14 stream:q=75.4,cov=1.00,placed=0.24 network:q=83.9,cov=0.85,placed=0.22 pdfplumber:q=50.5,cov=0.89,placed=0.14",,118,35,7,17,13,3,1000.0,"[-4.1, -47.9, 615.2, 588.1]",2.0.0,1.26
0001086222-25-000028,AKAM_10K_20241231,75,2,,stream,93.58,36.36,75.4,1.0,0.236,False,"lattice:q=100.0,cov=0.61,placed=0.14 stream:q=75.4,cov=1.00,placed=0.24 network:q=83.9,cov=0.85,placed=0.22 pdfplumber:q=50.5,cov=0.89,placed=0.14",,118,11,2,0,0,1,1000.0,"[13.5, 544.3, 608.3, 733.7]",2.0.0,1.26
0001086222-25-000028,AKAM_10K_20241231,76,1,,pdfplumber,,60.56,49.72,0.774,0.189,False,"lattice:q=100.0,cov=0.64,placed=0.00 stream:q=47.0,cov=1.00,placed=0.19 network:q=91.2,cov=0.81,placed=0.04 pdfplumber:q=49.7,cov=0.77,placed=0.19",disabled,66,60,18,10,0,2,1.0,"[5.5, 1.1, 602.1, 687.7]",2.0.0,1.37
0001086222-25-000028,AKAM_10K_20241231,77,1,,stream,74.26,75.68,36.42,1.0,0.5,False,"lattice:q=100.0,cov=0.50,placed=0.00 stream:q=36.4,cov=1.00,placed=0.50 network:none pdfplumber:q=62.5,cov=0.70,placed=0.17",disabled,19,37,7,15,0,3,1.0,"[-4.1, -48.0, 615.6, 582.9]",2.0.0,1.27
0001086222-25-000028,AKAM_10K_20241231,78,1,,stream,96.72,50.84,71.3,1.0,1.0,False,"lattice:q=90.0,cov=0.95,placed=0.02 stream:q=71.3,cov=1.00,placed=1.00 network:none pdfplumber:q=45.8,cov=0.85,placed=0.28",,139,34,7,53,0,4,1000.0,"[-4.1, 83.1, 614.6, 613.8]",2.0.0,1.06
0001086222-25-000028,AKAM_10K_20241231,78,2,,stream,95.61,55.31,67.95,1.0,1.0,False,"lattice:q=90.0,cov=0.95,placed=0.02 stream:q=71.3,cov=1.00,placed=1.00 network:none pdfplumber:q=45.8,cov=0.85,placed=0.28",,139,39,7,53,0,4,1000.0,"[-4.1, -47.9, 616.1, 657.2]",2.0.0,1.07
0001086222-25-000028,AKAM_10K_20241231,79,1,,stream,80.61,72.13,44.55,1.0,0.289,False,"lattice:q=94.4,cov=0.47,placed=0.05 stream:q=44.5,cov=1.00,placed=0.29 network:q=100.0,cov=0.74,placed=0.11 pdfplumber:q=50.2,cov=0.97,placed=0.21",disabled,70,41,7,12,0,3,1.0,"[-4.1, -47.9, 616.1, 683.7]",2.0.0,1.16
0001086222-25-000028,AKAM_10K_20241231,81,1,,stream,85.42,65.16,52.84,1.0,0.275,False,"lattice:q=100.0,cov=0.71,placed=0.00 stream:q=52.8,cov=1.00,placed=0.27 network:q=100.0,cov=0.90,placed=0.00 pdfplumber:q=51.5,cov=0.69,placed=0.27",disabled,127,41,7,14,0,1,1000.0,"[-4.1, -47.9, 614.6, 691.1]",2.0.0,1.22
0001086222-25-000028,AKAM_10K_20241231,82,1,,pdfplumber,,38.89,60.56,0.917,0.042,False,"lattice:none stream:q=100.0,cov=1.00,placed=0.00 network:none pdfplumber:q=60.6,cov=0.92,placed=0.04",,10,54,10,1,2,1,1.0,"[5.9, 1.1, 601.6, 669.3]",2.0.0,1.33
0001086222-25-000028,AKAM_10K_20241231,83,1,,stream,85.41,68.42,51.2,1.0,0.767,False,"lattice:q=100.0,cov=0.70,placed=0.00 stream:q=51.2,cov=1.00,placed=0.77 network:q=87.5,cov=0.70,placed=0.00 pdfplumber:q=53.5,cov=0.95,placed=0.28",disabled,64,38,7,33,0,4,1000.0,"[-4.1, -47.8, 615.5, 664.6]",2.0.0,1.21
0001086222-25-000028,AKAM_10K_20241231,85,1,,stream,84.74,72.7,48.39,1.0,0.542,False,"lattice:q=100.0,cov=0.21,placed=0.00 stream:q=48.4,cov=1.00,placed=0.54 network:q=97.7,cov=0.71,placed=0.02 pdfplumber:q=51.2,cov=0.77,placed=0.27",disabled,52,38,8,28,0,4,1.0,"[-4.1, -47.1, 615.1, 633.7]",2.0.0,1.09
0001086222-25-000028,AKAM_10K_20241231,86,1,,stream,100.0,44.64,77.68,1.0,1.0,False,"lattice:q=100.0,cov=0.15,placed=0.00 stream:q=77.7,cov=1.00,placed=1.00 network:none pdfplumber:q=44.7,cov=0.95,placed=0.73",,118,16,7,30,0,3,1000.0,"[-3.1, 392.1, 589.5, 613.8]",2.0.0,0.88
0001086222-25-000028,AKAM_10K_20241231,86,2,,stream,97.83,50.0,72.83,1.0,1.0,False,"lattice:q=100.0,cov=0.15,placed=0.00 stream:q=77.7,cov=1.00,placed=1.00 network:none pdfplumber:q=44.7,cov=0.95,placed=0.73",,118,38,7,84,0,4,1000.0,"[-4.1, -47.8, 612.5, 613.8]",2.0.0,0.9
0001086222-25-000028,AKAM_10K_20241231,87,1,,stream,98.17,60.34,68.0,1.0,1.0,False,"lattice:q=92.1,cov=0.89,placed=0.00 stream:q=68.0,cov=1.00,placed=1.00 network:none pdfplumber:q=46.5,cov=0.87,placed=0.89",,82,29,8,47,0,3,1000.0,"[-4.1, 48.5, 614.6, 475.5]",2.0.0,0.98
0001086222-25-000028,AKAM_10K_20241231,87,2,,stream,95.25,65.62,62.44,1.0,1.0,False,"lattice:q=92.1,cov=0.89,placed=0.00 stream:q=68.0,cov=1.00,placed=1.00 network:none pdfplumber:q=46.5,cov=0.87,placed=0.89",,82,36,8,47,0,3,1000.0,"[-4.1, -47.8, 614.6, 566.0]",2.0.0,0.99
0001086222-25-000028,AKAM_10K_20241231,88,1,,pdfplumber,,48.94,55.53,0.66,0.66,False,"lattice:q=100.0,cov=0.55,placed=0.06 stream:q=43.6,cov=1.00,placed=0.47 network:none pdfplumber:q=55.5,cov=0.66,placed=0.66",disabled,55,58,13,34,2,3,1000.0,"[5.9, 1.1, 604.6, 693.6]",2.0.0,1.31
0001086222-25-000028,AKAM_10K_20241231,89,1,,stream,96.13,55.28,68.49,0.921,1.0,False,"lattice:q=100.0,cov=0.87,placed=0.00 stream:q=68.5,cov=0.92,placed=1.00 network:q=89.6,cov=0.89,placed=0.95",,82,23,7,39,0,3,1000.0,"[-4.1, 74.3, 611.9, 418.2]",2.0.0,0.89
0001086222-25-000028,AKAM_10K_20241231,90,1,,stream,96.76,51.26,71.13,1.0,0.915,False,"lattice:q=100.0,cov=0.92,placed=0.00 stream:q=71.1,cov=1.00,placed=0.92 network:q=84.7,cov=0.94,placed=0.11 pdfplumber:q=49.6,cov=0.52,placed=0.34",,52,34,7,65,0,4,1000.0,"[-4.1, -47.6, 614.6, 535.1]",2.0.0,1.03
0001086222-25-000028,AKAM_10K_20241231,92,1,,pdfplumber,,63.24,48.38,0.854,0.073,False,"lattice:q=100.0,cov=0.32,placed=0.00 stream:q=45.9,cov=1.00,placed=0.05 network:q=73.7,cov=0.32,placed=0.00 pdfplumber:q=48.4,cov=0.85,placed=0.07",disabled,82,56,17,3,0,1,1.0,"[5.9, 1.1, 596.5, 669.3]",2.0.0,1.72
0001086222-25-000028,AKAM_10K_20241231,94,1,,pdfplumber,,53.12,53.44,0.928,0.171,False,"lattice:none stream:q=80.0,cov=1.00,placed=0.00 network:q=79.7,cov=1.00,placed=0.00 pdfplumber:q=53.4,cov=0.93,placed=0.17",disabled,131,64,10,19,11,2,1.0,"[5.9, 1.1, 569.1, 628.8]",2.0.0,9.34
0001086222-25-000028,AKAM_10K_20241231,95,1,,pdfplumber,,61.24,49.38,0.947,0.17,False,"lattice:none stream:q=74.0,cov=1.00,placed=0.14 network:q=73.8,cov=0.99,placed=0.14 pdfplumber:q=49.4,cov=0.95,placed=0.17",disabled,117,66,12,16,3,1,1.0,"[5.9, 1.1, 585.0, 642.1]",2.0.0,9.43
0001086222-25-000256,AKAM_10Q_20250930,3,1,,network,97.94,19.23,88.33,1.0,0.485,False,"lattice:none stream:q=81.5,cov=0.94,placed=0.42 network:q=88.3,cov=1.00,placed=0.48 pdfplumber:q=47.2,cov=1.00,placed=0.48",,115,26,2,16,0,1,1.0,"[7.0, 1.2, 605.0, 469.4]",2.0.0,2.26
0001086222-25-000256,AKAM_10Q_20250930,5,1,balance_sheet,stream,98.96,52.0,72.96,1.0,0.75,False,"lattice:q=100.0,cov=0.96,placed=0.11 stream:q=73.0,cov=1.00,placed=0.75 network:q=71.3,cov=1.00,placed=0.75 pdfplumber:q=52.6,cov=0.91,placed=0.75",,46,35,5,42,0,2,1000.0,"[-4.0, -48.7, 614.0, 515.4]",2.0.0,0.83
0001086222-25-000256,AKAM_10Q_20250930,6,1,income_statement,stream,97.58,47.01,74.08,1.0,0.974,False,"lattice:q=100.0,cov=0.97,placed=0.00 stream:q=74.1,cov=1.00,placed=0.97 network:q=72.6,cov=1.00,placed=0.97 pdfplumber:q=49.0,cov=0.94,placed=0.00",,106,26,9,76,0,4,1000.0,"[-1.7, 69.8, 613.1, 426.9]",2.0.0,0.82
0001086222-25-000256,AKAM_10Q_20250930,8,1,cash_flows,stream,98.13,46.67,74.79,1.0,0.979,False,"lattice:q=100.0,cov=0.94,placed=0.00 stream:q=74.8,cov=1.00,placed=0.98 network:q=73.9,cov=1.00,placed=0.98 pdfplumber:q=55.6,cov=0.79,placed=0.00",,43,30,5,46,0,2,1000.0,"[-3.0, 86.3, 614.5, 483.2]",2.0.0,0.8
0001086222-25-000256,AKAM_10Q_20250930,9,1,cash_flows,stream,98.27,45.88,75.33,1.0,1.0,False,"lattice:q=100.0,cov=0.98,placed=0.02 stream:q=75.3,cov=1.00,placed=1.00 network:q=91.7,cov=1.00,placed=0.91",,73,34,5,48,0,2,1000.0,"[-3.0, 61.0, 614.5, 548.4]",2.0.0,0.83
0001086222-25-000256,AKAM_10Q_20250930,12,1,equity,network,98.51,74.44,61.29,1.0,0.267,False,"lattice:q=72.6,cov=0.98,placed=0.22 stream:q=58.0,cov=1.00,placed=0.27 network:q=61.3,cov=1.00,placed=0.27 pdfplumber:q=46.2,cov=0.93,placed=0.27",,136,30,12,12,0,1,1.0,"[7.0, 83.7, 599.8, 416.9]",2.0.0,0.76
0001086222-25-000256,AKAM_10Q_20250930,15,1,,network,97.21,48.52,72.95,0.884,0.116,False,"lattice:q=100.0,cov=0.84,placed=0.00 stream:q=64.5,cov=0.91,placed=0.12 network:q=72.9,cov=0.88,placed=0.12 pdfplumber:q=51.3,cov=0.84,placed=0.00",,150,13,13,7,0,1,1000.0,"[18.2, 136.9, 604.3, 315.7]",2.0.0,0.94
0001086222-25-000256,AKAM_10Q_20250930,16,1,,pdfplumber,,62.84,48.58,0.944,0.315,False,"lattice:q=100.0,cov=0.61,placed=0.00 stream:q=57.1,cov=1.00,placed=0.15 network:q=85.0,cov=0.59,placed=0.00 pdfplumber:q=48.6,cov=0.94,placed=0.31",disabled,102,59,13,21,0,2,1000.0,"[6.0, 1.2, 602.6, 643.4]",2.0.0,1.11
0001086222-25-000256,AKAM_10Q_20250930,17,1,,network,95.22,44.44,73.0,0.917,0.375,False,"lattice:q=100.0,cov=0.67,placed=0.00 stream:q=58.6,cov=1.00,placed=0.06 network:q=85.0,cov=0.92,placed=0.38 pdfplumber:q=46.4,cov=0.94,placed=0.38",,112,9,5,10,0,3,1000.0,"[7.0, 46.2, 604.4, 183.7]",2.0.0,0.97
0001086222-25-000256,AKAM_10Q_20250930,17,2,,network,99.98,40.0,79.98,0.917,0.375,False,"lattice:q=100.0,cov=0.67,placed=0.00 stream:q=58.6,cov=1.00,placed=0.06 network:q=85.0,cov=0.92,placed=0.38 pdfplumber:q=46.4,cov=0.94,placed=0.38",,112,7,5,8,0,3,1000.0,"[7.0, 219.4, 604.4, 322.4]",2.0.0,0.97
0001086222-25-000256,AKAM_10Q_20250930,17,3,,network,100.0,30.0,85.0,0.917,0.375,False,"lattice:q=100.0,cov=0.67,placed=0.00 stream:q=58.6,cov=1.00,placed=0.06 network:q=85.0,cov=0.92,placed=0.38 pdfplumber:q=46.4,cov=0.94,placed=0.38",,112,5,4,2,0,2,1000.0,"[446.8, 447.4, 604.4, 507.7]",2.0.0,0.98
0001086222-25-000256,AKAM_10Q_20250930,17,4,,network,99.97,50.0,74.97,0.917,0.375,False,"lattice:q=100.0,cov=0.67,placed=0.00 stream:q=58.6,cov=1.00,placed=0.06 network:q=85.0,cov=0.92,placed=0.38 pdfplumber:q=46.4,cov=0.94,placed=0.38",,112,6,5,0,4,2,1000.0,"[7.0, 543.4, 604.5, 632.2]",2.0.0,0.98
0001086222-25-000256,AKAM_10Q_20250930,18,1,,stream,98.34,33.33,81.68,0.961,0.353,False,"lattice:q=100.0,cov=0.71,placed=0.00 stream:q=81.7,cov=0.96,placed=0.35 network:q=81.6,cov=0.76,placed=0.27 pdfplumber:q=48.4,cov=0.76,placed=0.20",,115,6,3,4,0,1,1000.0,"[-3.0, 273.1, 614.5, 382.7]",2.0.0,0.91
0001086222-25-000256,AKAM_10Q_20250930,18,2,,stream,93.47,59.63,63.66,0.961,0.353,False,"lattice:q=100.0,cov=0.71,placed=0.00 stream:q=81.7,cov=0.96,placed=0.35 network:q=81.6,cov=0.76,placed=0.27 pdfplumber:q=48.4,cov=0.76,placed=0.20",,115,23,7,14,0,2,1000.0,"[-4.0, 108.9, 614.5, 504.9]",2.0.0,0.92
0001086222-25-000256,AKAM_10Q_20250930,19,1,,pdfplumber,,44.83,57.59,0.794,0.118,False,"lattice:none stream:q=61.8,cov=1.00,placed=0.06 network:q=72.3,cov=0.47,placed=0.06 pdfplumber:q=57.6,cov=0.79,placed=0.12",disabled,25,50,12,4,3,3,1.0,"[6.0, 1.2, 604.6, 661.4]",2.0.0,1.17
0001086222-25-000256,AKAM_10Q_20250930,20,1,,network,94.4,37.14,75.83,0.889,0.667,True,"lattice:q=100.0,cov=0.63,placed=0.00 stream:q=50.2,cov=1.00,placed=0.22 network:q=80.0,cov=0.89,placed=0.67",,63,7,5,4,0,1,1.0,"[7.0, 46.2, 604.4, 130.4]",2.0.0,1.0
0001086222-25-000256,AKAM_10Q_20250930,20,2,,network,99.61,39.16,80.03,0.889,0.667,True,"lattice:q=100.0,cov=0.63,placed=0.00 stream:q=50.2,cov=1.00,placed=0.22 network:q=80.0,cov=0.89,placed=0.67",,63,13,11,34,0,5,1.0,"[7.0, 246.4, 604.4, 433.4]",2.0.0,1.01
0001086222-25-000256,AKAM_10Q_20250930,21,1,,stream,72.82,76.43,34.6,1.0,0.417,False,"lattice:q=100.0,cov=0.42,placed=0.00 stream:q=34.6,cov=1.00,placed=0.42 network:none pdfplumber:q=64.0,cov=0.92,placed=0.28",disabled,13,40,7,15,0,3,1.0,"[-4.0, -48.8, 615.5, 630.2]",2.0.0,1.28
0001086222-25-000256,AKAM_10Q_20250930,22,1,,stream,86.14,75.98,48.15,1.0,0.96,False,"lattice:q=83.3,cov=0.84,placed=0.02 stream:q=48.1,cov=1.00,placed=0.96 network:q=73.6,cov=0.90,placed=0.64 pdfplumber:q=49.0,cov=0.86,placed=0.28",disabled,136,34,12,48,0,5,1000.0,"[-4.0, -48.8, 614.4, 570.9]",2.0.0,1.05
0001086222-25-000256,AKAM_10Q_20250930,23,1,,pdfplumber,,57.89,51.06,0.892,0.354,False,"lattice:q=100.0,cov=0.69,placed=0.06 stream:q=48.5,cov=1.00,placed=0.20 network:q=76.4,cov=0.71,placed=0.00 pdfplumber:q=51.1,cov=0.89,placed=0.35",disabled,118,57,13,25,1,2,1000.0,"[6.0, 1.2, 602.9, 668.2]",2.0.0,1.28
0001086222-25-000256,AKAM_10Q_20250930,24,1,,pdfplumber,,55.36,52.32,0.717,0.208,False,"lattice:q=100.0,cov=0.74,placed=0.02 stream:q=54.5,cov=1.00,placed=0.09 network:q=99.8,cov=0.79,placed=0.00 pdfplumber:q=52.3,cov=0.72,placed=0.21",disabled,172,61,13,12,9,1,1000.0,"[6.0, 1.2, 602.7, 712.4]",2.0.0,1.25
0001086222-25-000256,AKAM_10Q_20250930,26,1,,stream,88.24,66.01,55.23,0.98,1.0,False,"lattice:q=100.0,cov=0.82,placed=0.00 stream:q=55.2,cov=0.98,placed=1.00 network:q=89.5,cov=0.90,placed=0.63",disabled,136,34,9,52,0,4,1000.0,"[-4.0, 83.2, 614.8, 576.9]",2.0.0,0.9
0001086222-25-000256,AKAM_10Q_20250930,27,1,,network,97.25,49.54,72.48,0.938,0.9,False,"lattice:q=100.0,cov=0.91,placed=0.00 stream:q=54.2,cov=1.00,placed=0.90 network:q=72.5,cov=0.94,placed=0.90 pdfplumber:q=56.3,cov=0.95,placed=0.24",,70,24,9,72,0,5,1000.0,"[7.0, 58.2, 604.4, 368.9]",2.0.0,1.29
0001086222-25-000256,AKAM_10Q_20250930,30,1,,stream,97.91,58.8,68.51,1.0,1.0,False,"lattice:none stream:q=68.5,cov=1.00,placed=1.00 network:q=86.2,cov=0.98,placed=0.48 pdfplumber:q=50.2,cov=0.97,placed=0.48",,106,24,9,45,0,4,1.0,"[-3.0, 321.8, 608.0, 598.7]",2.0.0,1.05
0001086222-25-000256,AKAM_10Q_20250930,30,2,,stream,90.17,71.83,54.26,1.0,1.0,False,"lattice:none stream:q=68.5,cov=1.00,placed=1.00 network:q=86.2,cov=0.98,placed=0.48 pdfplumber:q=50.2,cov=0.97,placed=0.48",,106,43,9,45,0,4,1.0,"[-4.0, -47.9, 614.1, 629.7]",2.0.0,1.06
0001086222-25-000256,AKAM_10Q_20250930,31,1,,stream,85.23,74.63,47.92,1.0,0.468,False,"lattice:q=87.5,cov=0.42,placed=0.00 stream:q=47.9,cov=1.00,placed=0.47 network:q=73.7,cov=0.88,placed=0.21 pdfplumber:q=50.8,cov=0.84,placed=0.45",disabled,280,45,12,36,2,4,1000.0,"[-4.0, -48.8, 615.0, 715.7]",2.0.0,1.21
0001086222-25-000256,AKAM_10Q_20250930,32,1,,stream,87.26,68.06,53.23,1.0,1.0,False,"lattice:none stream:q=53.2,cov=1.00,placed=1.00 network:q=93.8,cov=0.89,placed=0.57 pdfplumber:q=51.4,cov=0.96,placed=0.32",disabled,106,31,10,36,0,4,1000.0,"[-4.0, 35.4, 615.0, 519.2]",2.0.0,1.15
0001086222-25-000256,AKAM_10Q_20250930,32,2,,stream,86.73,69.39,52.04,1.0,1.0,False,"lattice:none stream:q=53.2,cov=1.00,placed=1.00 network:q=93.8,cov=0.89,placed=0.57 pdfplumber:q=51.4,cov=0.96,placed=0.32",disabled,106,33,10,36,0,4,1000.0,"[-4.0, -48.6, 615.9, 543.2]",2.0.0,1.16
0001086222-25-000256,AKAM_10Q_20250930,33,1,,pdfplumber,,54.92,52.54,0.976,0.598,False,"lattice:none stream:q=53.0,cov=0.99,placed=0.59 network:q=98.8,cov=0.93,placed=0.29 pdfplumber:q=52.5,cov=0.98,placed=0.60",disabled,208,61,14,49,1,4,1000.0,"[6.0, 1.2, 605.0, 704.9]",2.0.0,1.31
0001086222-25-000256,AKAM_10Q_20250930,34,1,,stream,85.8,66.75,52.42,1.0,0.658,False,"lattice:none stream:q=52.4,cov=1.00,placed=0.66 network:q=84.9,cov=0.70,placed=0.00 pdfplumber:q=53.2,cov=0.82,placed=0.39",disabled,154,40,10,52,0,5,1000.0,"[-4.0, -48.7, 615.0, 672.9]",2.0.0,1.31
0001086222-25-000256,AKAM_10Q_20250930,35,1,,stream,82.38,68.27,48.24,1.0,0.587,False,"lattice:none stream:q=48.2,cov=1.00,placed=0.59 network:q=70.9,cov=0.63,placed=0.37 pdfplumber:q=55.8,cov=0.65,placed=0.52",disabled,100,39,8,27,0,4,1000.0,"[-4.0, -48.6, 615.1, 639.9]",2.0.0,1.4
0001086222-25-000256,AKAM_10Q_20250930,38,1,,stream,94.9,47.47,71.17,0.897,0.872,False,"lattice:q=95.0,cov=0.49,placed=0.00 stream:q=71.2,cov=0.90,placed=0.87 network:none pdfplumber:q=51.7,cov=0.51,placed=0.22",,136,11,9,28,0,4,1000.0,"[-3.0, 73.6, 606.6, 231.9]",2.0.0,0.86
0001086222-25-000256,AKAM_10Q_20250930,38,2,,stream,95.77,49.63,70.95,0.897,0.872,False,"lattice:q=95.0,cov=0.49,placed=0.00 stream:q=71.2,cov=0.90,placed=0.87 network:none pdfplumber:q=51.7,cov=0.51,placed=0.22",,136,15,9,40,0,4,1000.0,"[-3.0, 300.1, 614.5, 507.9]",2.0.0,0.87
0001086222-25-000256,AKAM_10Q_20250930,39,1,,network,97.08,56.94,68.61,0.867,0.933,False,"lattice:q=90.9,cov=0.83,placed=0.00 stream:q=52.0,cov=1.00,placed=0.93 network:q=68.6,cov=0.87,placed=0.93 pdfplumber:q=57.1,cov=0.85,placed=0.48",,106,24,9,56,0,4,1000.0,"[7.0, 58.2, 604.4, 340.4]",2.0.0,1.19
0001086222-25-000256,AKAM_10Q_20250930,40,1,,network,96.87,46.2,73.77,0.952,0.952,False,"lattice:none stream:q=51.3,cov=1.00,placed=0.95 network:q=73.8,cov=0.95,placed=0.95 pdfplumber:q=54.9,cov=0.97,placed=0.71",,70,19,9,60,0,4,1000.0,"[7.0, 73.9, 605.0, 330.7]",2.0.0,1.23
0001086222-25-000256,AKAM_10Q_20250930,41,1,,stream,87.23,61.14,56.66,1.0,0.846,False,"lattice:q=100.0,cov=0.77,placed=0.00 stream:q=56.7,cov=1.00,placed=0.85 network:q=71.1,cov=0.85,placed=0.77 pdfplumber:q=47.3,cov=0.88,placed=0.50",disabled,70,35,5,22,0,3,1.0,"[-4.0, -48.5, 614.5, 617.4]",2.0.0,0.98
0001086222-25-000256,AKAM_10Q_20250930,42,1,,stream,73.87,72.2,37.77,1.0,0.286,False,"lattice:q=80.0,cov=0.26,placed=0.00 stream:q=37.8,cov=1.00,placed=0.29 network:q=72.1,cov=0.29,placed=0.29 pdfplumber:q=57.3,cov=0.60,placed=0.11",disabled,37,41,5,10,0,2,1000.0,"[-4.0, -48.6, 615.7, 685.7]",2.0.0,1.21
0001086222-25-000256,AKAM_10Q_20250930,61,1,,stream,83.51,66.27,50.38,1.0,0.018,False,"lattice:q=100.0,cov=0.36,placed=0.00 stream:q=50.4,cov=1.00,placed=0.02 network:q=74.0,cov=0.36,placed=0.02 pdfplumber:q=53.1,cov=0.93,placed=0.00",disabled,94,42,6,2,0,1,1.0,"[-4.0, -47.0, 615.7, 572.0]",2.0.0,1.16
0001086222-25-000256,AKAM_10Q_20250930,62,1,,pdfplumber,,58.87,50.56,0.921,0.053,False,"lattice:none stream:q=100.0,cov=1.00,placed=0.00 network:q=89.9,cov=0.82,placed=0.00 pdfplumber:q=50.6,cov=0.92,placed=0.05",disabled,44,42,11,2,0,2,1.0,"[6.0, 1.2, 605.0, 491.9]",2.0.0,3.39
statement,statement,1,1,income_statement,stream,98.99,46.03,75.97,1.0,1.0,False,"lattice:q=100.0,cov=0.98,placed=0.00 stream:q=76.0,cov=1.00,placed=1.00 network:q=77.7,cov=1.00,placed=0.00 pdfplumber:q=49.0,cov=0.92,placed=0.00",,97,27,7,60,0,3,1000.0,"[-3.1, 61.1, 611.9, 424.8]",2.0.0,0.7
