stem,page,stratum,class,detected,correct,missed,wrong_type
AKAM_10K_20241231,13,prose,Text,5,5,0,0
AKAM_10K_20241231,13,prose,Title,0,0,0,0
AKAM_10K_20241231,13,prose,List,0,0,0,0
AKAM_10K_20241231,13,prose,Table,0,0,0,0
AKAM_10K_20241231,13,prose,Figure,0,0,0,0
AKAM_10K_20241231,63,prose,Text,6,6,0,0
AKAM_10K_20241231,63,prose,Title,0,0,0,0
AKAM_10K_20241231,63,prose,List,0,0,0,0
AKAM_10K_20241231,63,prose,Table,0,0,0,0
AKAM_10K_20241231,63,prose,Figure,0,0,0,0
AKAM_10K_20241231,15,prose,Text,3,3,0,0
AKAM_10K_20241231,15,prose,Title,0,0,0,0
AKAM_10K_20241231,15,prose,List,0,0,0,0
AKAM_10K_20241231,15,prose,Table,0,0,0,0
AKAM_10K_20241231,15,prose,Figure,0,0,0,0
AKAM_10K_20241231,52,statement,Text,2,2,0,0
AKAM_10K_20241231,52,statement,Title,0,0,0,0
AKAM_10K_20241231,52,statement,List,0,0,0,0
AKAM_10K_20241231,52,statement,Table,1,1,0,0
AKAM_10K_20241231,52,statement,Figure,0,0,0,0
AKAM_10K_20241231,53,statement,Text,1,1,0,0
AKAM_10K_20241231,53,statement,Title,0,0,0,0
AKAM_10K_20241231,53,statement,List,0,0,0,0
AKAM_10K_20241231,53,statement,Table,1,1,0,0
AKAM_10K_20241231,53,statement,Figure,0,0,0,0
AKAM_10K_20241231,54,statement,Text,0,0,0,0
AKAM_10K_20241231,54,statement,Title,0,0,0,0
AKAM_10K_20241231,54,statement,List,0,0,0,0
AKAM_10K_20241231,54,statement,Table,1,1,0,0
AKAM_10K_20241231,54,statement,Figure,0,0,0,0
AKAM_10K_20241231,94,notes,Text,2,1,1,1
AKAM_10K_20241231,94,notes,Title,0,0,0,0
AKAM_10K_20241231,94,notes,List,0,0,0,0
AKAM_10K_20241231,94,notes,Table,1,1,0,0
AKAM_10K_20241231,94,notes,Figure,0,0,0,0
AKAM_10K_20241231,95,notes,Text,1,0,1,1
AKAM_10K_20241231,95,notes,Title,0,0,0,0
AKAM_10K_20241231,95,notes,List,0,0,0,0
AKAM_10K_20241231,95,notes,Table,1,0,1,1
AKAM_10K_20241231,95,notes,Figure,0,0,0,0
AKAM_10K_20241231,1,cover/exhibit,Text,1,1,0,0
AKAM_10K_20241231,1,cover/exhibit,Title,1,1,0,0
AKAM_10K_20241231,1,cover/exhibit,List,0,0,0,0
AKAM_10K_20241231,1,cover/exhibit,Table,0,0,0,0
AKAM_10K_20241231,1,cover/exhibit,Figure,0,0,0,0
AKAM_10K_20241231,97,cover/exhibit,Text,1,1,0,0
AKAM_10K_20241231,97,cover/exhibit,Title,1,1,0,0
AKAM_10K_20241231,97,cover/exhibit,List,0,0,0,0
AKAM_10K_20241231,97,cover/exhibit,Table,1,1,0,0
AKAM_10K_20241231,97,cover/exhibit,Figure,0,0,0,0
