stem,block_words,numeric_ratio
AKAM_10K_20241231,2,0.5
AKAM_10K_20241231,41,0.024390243902439025
AKAM_10K_20241231,74,0.06756756756756757
AKAM_10K_20241231,47,0.14893617021276595
AKAM_10K_20241231,14,0.5
AKAM_10K_20241231,14,0.5
AKAM_10K_20241231,13,0.0
AKAM_10K_20241231,18,0.5
AKAM_10K_20241231,2,0.0
AKAM_10K_20241231,2,0.0
AKAM_10K_20241231,309,0.009708737864077669
AKAM_10K_20241231,1,0.0
AKAM_10K_20241231,119,0.04201680672268908
AKAM_10K_20241231,2,0.0
AKAM_10K_20241231,163,0.0
AKAM_10K_20241231,31,0.0
AKAM_10K_20241231,222,0.0
AKAM_10K_20241231,192,0.010416666666666666
AKAM_10K_20241231,208,0.004807692307692308
AKAM_10K_20241231,153,0.006535947712418301
AKAM_10K_20241231,24,0.0
AKAM_10K_20241231,232,0.021551724137931036
AKAM_10K_20241231,132,0.007575757575757576
AKAM_10K_20241231,104,0.0
AKAM_10K_20241231,104,0.0
AKAM_10K_20241231,3,0.0
AKAM_10K_20241231,103,0.019417475728155338
AKAM_10K_20241231,2,0.0
AKAM_10K_20241231,107,0.009345794392523364
AKAM_10K_20241231,80,0.125
AKAM_10K_20241231,1,0.0
AKAM_10K_20241231,1,0.0
AKAM_10K_20241231,107,0.0
AKAM_10K_20241231,1,0.0
AKAM_10K_20241231,189,0.010582010582010581
AKAM_10K_20241231,39,0.0
AKAM_10K_20241231,1,0.0
AKAM_10K_20241231,121,0.03305785123966942
AKAM_10K_20241231,1,0.0
AKAM_10K_20241231,1,0.0
AKAM_10K_20241231,109,0.01834862385321101
AKAM_10K_20241231,4,0.0
AKAM_10K_20241231,142,0.0
AKAM_10K_20241231,46,0.0
AKAM_10K_20241231,77,0.0
AKAM_10K_20241231,160,0.0
AKAM_10K_20241231,69,0.0
AKAM_10K_20241231,2,0.0
AKAM_10K_20241231,45,0.0
AKAM_10K_20241231,119,0.0
AKAM_10K_20241231,101,0.0
AKAM_10K_20241231,93,0.0
AKAM_10K_20241231,71,0.014084507042253521
AKAM_10K_20241231,2,0.0
AKAM_10K_20241231,148,0.033783783783783786
AKAM_10K_20241231,2,0.0
AKAM_10K_20241231,126,0.031746031746031744
AKAM_10K_20241231,41,0.024390243902439025
AKAM_10K_20241231,4,0.0
AKAM_10K_20241231,108,0.0
AKAM_10K_20241231,61,0.0
AKAM_10K_20241231,266,0.0037593984962406013
AKAM_10K_20241231,31,0.0
AKAM_10K_20241231,128,0.0
AKAM_10K_20241231,163,0.0
AKAM_10K_20241231,173,0.0
AKAM_10K_20241231,98,0.0
AKAM_10K_20241231,64,0.0
AKAM_10K_20241231,144,0.0
AKAM_10K_20241231,29,0.0
AKAM_10K_20241231,166,0.0
AKAM_10K_20241231,127,0.0
AKAM_10K_20241231,89,0.0
AKAM_10K_20241231,173,0.0
AKAM_10K_20241231,347,0.0
AKAM_10K_20241231,174,0.005747126436781609
AKAM_10K_20241231,88,0.0
AKAM_10K_20241231,168,0.0
AKAM_10K_20241231,316,0.0
AKAM_10K_20241231,101,0.0
AKAM_10K_20241231,146,0.0
AKAM_10K_20241231,185,0.0
AKAM_10K_20241231,166,0.0
AKAM_10K_20241231,29,0.0
AKAM_10K_20241231,18,0.0
AKAM_10K_20241231,231,0.0
AKAM_10K_20241231,248,0.004032258064516129
AKAM_10K_20241231,161,0.0
AKAM_10K_20241231,160,0.0
AKAM_10K_20241231,261,0.007662835249042145
AKAM_10K_20241231,186,0.010752688172043012
AKAM_10K_20241231,8,0.0
AKAM_10K_20241231,147,0.027210884353741496
AKAM_10K_20241231,26,0.0
AKAM_10K_20241231,129,0.0
AKAM_10K_20241231,163,0.006134969325153374
AKAM_10K_20241231,105,0.0
AKAM_10K_20241231,44,0.0
AKAM_10K_20241231,279,0.0
AKAM_10K_20241231,4,0.0
AKAM_10K_20241231,75,0.0
AKAM_10K_20241231,177,0.005649717514124294
AKAM_10K_20241231,95,0.0
AKAM_10K_20241231,136,0.0
AKAM_10K_20241231,77,0.0
AKAM_10K_20241231,8,0.0
AKAM_10K_20241231,336,0.026785714285714284
AKAM_10K_20241231,99,0.0
AKAM_10K_20241231,194,0.0
AKAM_10K_20241231,220,0.0
AKAM_10K_20241231,6,0.0
AKAM_10K_20241231,140,0.0
AKAM_10K_20241231,53,0.0
AKAM_10K_20241231,143,0.0
AKAM_10K_20241231,2,0.0
AKAM_10K_20241231,217,0.0
AKAM_10K_20241231,173,0.0
AKAM_10K_20241231,14,0.0
AKAM_10K_20241231,176,0.0625
AKAM_10K_20241231,121,0.0
AKAM_10K_20241231,120,0.0
AKAM_10K_20241231,76,0.013157894736842105
AKAM_10K_20241231,100,0.05
AKAM_10K_20241231,164,0.006097560975609756
AKAM_10K_20241231,116,0.008620689655172414
AKAM_10K_20241231,5,0.2
AKAM_10K_20241231,5,0.2
AKAM_10K_20241231,3,0.3333333333333333
AKAM_10K_20241231,71,0.0
AKAM_10K_20241231,23,0.0
AKAM_10K_20241231,88,0.0
AKAM_10K_20241231,39,0.0
AKAM_10K_20241231,105,0.0
AKAM_10K_20241231,102,0.0
AKAM_10K_20241231,56,0.017857142857142856
AKAM_10K_20241231,3,0.3333333333333333
AKAM_10K_20241231,98,0.030612244897959183
AKAM_10K_20241231,4,0.25
AKAM_10K_20241231,50,0.0
AKAM_10K_20241231,5,0.2
AKAM_10K_20241231,2,0.0
AKAM_10K_20241231,50,0.0
AKAM_10K_20241231,24,0.16666666666666666
AKAM_10K_20241231,88,0.022727272727272728
AKAM_10K_20241231,1,0.0
AKAM_10K_20241231,164,0.0
AKAM_10K_20241231,1,0.0
AKAM_10K_20241231,97,0.0
AKAM_10K_20241231,106,0.0
AKAM_10K_20241231,456,0.006578947368421052
AKAM_10K_20241231,40,0.0
AKAM_10K_20241231,373,0.00804289544235925
AKAM_10K_20241231,2,0.0
AKAM_10K_20241231,120,0.025
AKAM_10K_20241231,117,0.03418803418803419
AKAM_10K_20241231,57,0.03508771929824561
AKAM_10K_20241231,96,0.0
AKAM_10K_20241231,3,0.0
AKAM_10K_20241231,59,0.06779661016949153
AKAM_10K_20241231,6,0.16666666666666666
AKAM_10K_20241231,5,0.0
AKAM_10K_20241231,5,0.0
AKAM_10K_20241231,38,0.05263157894736842
AKAM_10K_20241231,6,0.16666666666666666
AKAM_10K_20241231,121,0.01652892561983471
AKAM_10K_20241231,95,0.0
AKAM_10K_20241231,105,0.06666666666666667
AKAM_10K_20241231,27,0.037037037037037035
AKAM_10K_20241231,6,0.16666666666666666
AKAM_10K_20241231,106,0.03773584905660377
AKAM_10K_20241231,76,0.02631578947368421
AKAM_10K_20241231,37,0.02702702702702703
AKAM_10K_20241231,78,0.02564102564102564
AKAM_10K_20241231,127,0.023622047244094488
AKAM_10K_20241231,74,0.22972972972972974
AKAM_10K_20241231,118,0.025423728813559324
AKAM_10K_20241231,58,0.017241379310344827
AKAM_10K_20241231,102,0.06862745098039216
AKAM_10K_20241231,83,0.04819277108433735
AKAM_10K_20241231,15,0.0
AKAM_10K_20241231,42,0.07142857142857142
AKAM_10K_20241231,41,0.04878048780487805
AKAM_10K_20241231,198,0.020202020202020204
AKAM_10K_20241231,6,0.0
AKAM_10K_20241231,115,0.043478260869565216
AKAM_10K_20241231,5,0.0
AKAM_10K_20241231,112,0.0
AKAM_10K_20241231,91,0.0
AKAM_10K_20241231,789,0.0038022813688212928
AKAM_10K_20241231,27,0.0
AKAM_10K_20241231,23,0.17391304347826086
AKAM_10K_20241231,32,0.09375
AKAM_10K_20241231,6,0.0
AKAM_10K_20241231,54,0.05555555555555555
AKAM_10K_20241231,8,0.125
AKAM_10K_20241231,25,0.12
AKAM_10K_20241231,115,0.0
AKAM_10K_20241231,4,0.0
AKAM_10K_20241231,111,0.08108108108108109
AKAM_10K_20241231,87,0.0
AKAM_10K_20241231,21,0.0
AKAM_10K_20241231,78,0.038461538461538464
AKAM_10K_20241231,5,0.0
AKAM_10K_20241231,185,0.12972972972972974
AKAM_10K_20241231,3,0.0
AKAM_10K_20241231,66,0.10606060606060606
AKAM_10K_20241231,3,0.0
AKAM_10K_20241231,58,0.1206896551724138
AKAM_10K_20241231,2,0.0
AKAM_10K_20241231,212,0.06132075471698113
AKAM_10K_20241231,2,0.0
AKAM_10K_20241231,71,0.0
AKAM_10K_20241231,2,0.0
AKAM_10K_20241231,86,0.03488372093023256
AKAM_10K_20241231,3,0.0
AKAM_10K_20241231,132,0.030303030303030304
AKAM_10K_20241231,5,0.0
AKAM_10K_20241231,25,0.08
AKAM_10K_20241231,7,0.0
AKAM_10K_20241231,1,0.0
AKAM_10K_20241231,149,0.013422818791946308
AKAM_10K_20241231,69,0.0
AKAM_10K_20241231,7,0.0
AKAM_10K_20241231,2,0.0
AKAM_10K_20241231,85,0.0
AKAM_10K_20241231,92,0.0
AKAM_10K_20241231,89,0.0
AKAM_10K_20241231,96,0.0
AKAM_10K_20241231,101,0.0
AKAM_10K_20241231,77,0.0
AKAM_10K_20241231,5,0.0
AKAM_10K_20241231,109,0.0
AKAM_10K_20241231,136,0.0
AKAM_10K_20241231,175,0.04
AKAM_10K_20241231,4,0.0
AKAM_10K_20241231,173,0.0
AKAM_10K_20241231,5,0.0
AKAM_10K_20241231,107,0.037383177570093455
AKAM_10K_20241231,112,0.0
AKAM_10K_20241231,80,0.0
AKAM_10K_20241231,122,0.0
AKAM_10K_20241231,89,0.0
AKAM_10K_20241231,122,0.00819672131147541
AKAM_10K_20241231,104,0.009615384615384616
AKAM_10K_20241231,2,0.0
AKAM_10K_20241231,267,0.0
AKAM_10K_20241231,4,0.0
AKAM_10K_20241231,132,0.0
AKAM_10K_20241231,8,0.125
AKAM_10K_20241231,3,0.0
AKAM_10K_20241231,76,0.02631578947368421
AKAM_10K_20241231,136,0.03676470588235294
AKAM_10K_20241231,3,0.0
AKAM_10K_20241231,86,0.0
AKAM_10K_20241231,2,0.0
AKAM_10K_20241231,132,0.030303030303030304
AKAM_10K_20241231,2,0.0
AKAM_10K_20241231,79,0.012658227848101266
AKAM_10K_20241231,2,0.0
AKAM_10K_20241231,87,0.06896551724137931
AKAM_10K_20241231,11,0.0
AKAM_10K_20241231,105,0.0761904761904762
AKAM_10K_20241231,102,0.0784313725490196
AKAM_10K_20241231,4,0.0
AKAM_10K_20241231,4,0.25
AKAM_10K_20241231,122,0.00819672131147541
AKAM_10K_20241231,152,0.0
AKAM_10K_20241231,9,0.0
AKAM_10K_20241231,87,0.0
AKAM_10K_20241231,3,0.0
AKAM_10K_20241231,109,0.0
AKAM_10K_20241231,2,0.0
AKAM_10K_20241231,213,0.023474178403755867
AKAM_10K_20241231,135,0.014814814814814815
AKAM_10K_20241231,95,0.042105263157894736
AKAM_10K_20241231,95,0.0
AKAM_10K_20241231,66,0.0
AKAM_10K_20241231,29,0.0
AKAM_10K_20241231,216,0.0
AKAM_10K_20241231,6,0.0
AKAM_10K_20241231,6,0.6666666666666666
AKAM_10K_20241231,7,0.0
AKAM_10K_20241231,3,0.0
AKAM_10K_20241231,6,0.16666666666666666
AKAM_10K_20241231,77,0.0
AKAM_10K_20241231,50,0.0
AKAM_10K_20241231,12,0.0
AKAM_10K_20241231,29,0.0
AKAM_10K_20241231,6,0.16666666666666666
AKAM_10K_20241231,3,0.0
AKAM_10K_20241231,163,0.0
AKAM_10K_20241231,6,0.0
AKAM_10K_20241231,5,0.0
AKAM_10K_20241231,9,0.0
AKAM_10K_20241231,51,0.0
AKAM_10K_20241231,4,0.0
AKAM_10K_20241231,131,0.0916030534351145
AKAM_10K_20241231,5,0.0
AKAM_10K_20241231,148,0.04054054054054054
AKAM_10K_20241231,3,0.0
AKAM_10K_20241231,104,0.15384615384615385
AKAM_10K_20241231,2,0.0
AKAM_10K_20241231,99,0.0
AKAM_10K_20241231,88,0.0
AKAM_10K_20241231,81,0.0
AKAM_10K_20241231,46,0.0
AKAM_10K_20241231,3,0.0
AKAM_10K_20241231,93,0.06451612903225806
AKAM_10K_20241231,30,0.13333333333333333
AKAM_10K_20241231,50,0.0
AKAM_10K_20241231,91,0.07692307692307693
AKAM_10K_20241231,7,0.0
AKAM_10K_20241231,164,0.04878048780487805
AKAM_10K_20241231,91,0.0
AKAM_10K_20241231,109,0.0
AKAM_10K_20241231,2,0.0
AKAM_10K_20241231,66,0.0
AKAM_10K_20241231,2,0.0
AKAM_10K_20241231,73,0.0
AKAM_10K_20241231,109,0.0
AKAM_10K_20241231,81,0.0
AKAM_10K_20241231,131,0.0
AKAM_10K_20241231,114,0.0
AKAM_10K_20241231,145,0.0
AKAM_10K_20241231,180,0.0
AKAM_10K_20241231,119,0.0
AKAM_10K_20241231,2,0.0
AKAM_10K_20241231,85,0.0
AKAM_10K_20241231,2,0.0
AKAM_10K_20241231,123,0.0
AKAM_10K_20241231,133,0.0
AKAM_10K_20241231,43,0.0
AKAM_10K_20241231,71,0.0
AKAM_10K_20241231,47,0.0
AKAM_10K_20241231,91,0.0
AKAM_10K_20241231,92,0.010869565217391304
AKAM_10K_20241231,4,0.0
AKAM_10K_20241231,123,0.04065040650406504
AKAM_10K_20241231,3,0.0
AKAM_10K_20241231,73,0.0684931506849315
AKAM_10K_20241231,73,0.0410958904109589
AKAM_10K_20241231,6,0.16666666666666666
AKAM_10K_20241231,4,0.0
AKAM_10K_20241231,36,0.0
AKAM_10K_20241231,141,0.0425531914893617
AKAM_10K_20241231,25,0.12
AKAM_10K_20241231,7,0.0
AKAM_10K_20241231,5,0.4
AKAM_10K_20241231,129,0.015503875968992248
AKAM_10K_20241231,21,0.14285714285714285
AKAM_10K_20241231,5,0.6
AKAM_10K_20241231,32,0.125
AKAM_10K_20241231,2,0.0
AKAM_10K_20241231,23,0.0
AKAM_10K_20241231,23,0.08695652173913043
AKAM_10K_20241231,27,0.14814814814814814
AKAM_10K_20241231,93,0.10752688172043011
AKAM_10K_20241231,127,0.1732283464566929
AKAM_10K_20241231,2,0.0
AKAM_10K_20241231,72,0.0
AKAM_10K_20241231,2,0.0
AKAM_10K_20241231,2,0.0
AKAM_10K_20241231,111,0.0990990990990991
AKAM_10K_20241231,2,0.0
AKAM_10K_20241231,92,0.043478260869565216
AKAM_10K_20241231,23,0.0
AKAM_10K_20241231,62,0.22580645161290322
AKAM_10K_20241231,19,0.0
AKAM_10K_20241231,2,0.0
AKAM_10K_20241231,107,0.009345794392523364
AKAM_10K_20241231,1,0.0
AKAM_10K_20241231,1,0.0
AKAM_10K_20241231,103,0.04854368932038835
AKAM_10K_20241231,72,0.2361111111111111
AKAM_10K_20241231,46,0.0
AKAM_10K_20241231,132,0.007575757575757576
AKAM_10K_20241231,2,0.5
AKAM_10K_20241231,85,0.03529411764705882
AKAM_10K_20241231,57,0.05263157894736842
AKAM_10K_20241231,80,0.0125
AKAM_10K_20241231,95,0.021052631578947368
AKAM_10K_20241231,35,0.11428571428571428
AKAM_10K_20241231,2,0.5
AKAM_10K_20241231,3,0.0
AKAM_10K_20241231,49,0.08163265306122448
AKAM_10K_20241231,60,0.0
AKAM_10K_20241231,5,0.2
AKAM_10K_20241231,38,0.05263157894736842
AKAM_10K_20241231,4,0.0
AKAM_10K_20241231,175,0.0
AKAM_10K_20241231,1,0.0
AKAM_10K_20241231,4,0.0
AKAM_10K_20241231,3,0.0
AKAM_10K_20241231,106,0.09433962264150944
AKAM_10K_20241231,119,0.07563025210084033
AKAM_10K_20241231,88,0.06818181818181818
AKAM_10K_20241231,118,0.059322033898305086
AKAM_10K_20241231,2,0.0
AKAM_10K_20241231,5,0.0
AKAM_10K_20241231,2,0.5
AKAM_10K_20241231,22,0.13636363636363635
AKAM_10K_20241231,170,0.058823529411764705
AKAM_10K_20241231,52,0.057692307692307696
AKAM_10K_20241231,2,0.0
AKAM_10K_20241231,97,0.0
AKAM_10K_20241231,2,0.0
AKAM_10K_20241231,46,0.0
AKAM_10K_20241231,62,0.0
AKAM_10K_20241231,3,0.3333333333333333
AKAM_10K_20241231,31,0.0967741935483871
AKAM_10K_20241231,20,0.15
AKAM_10K_20241231,6,0.16666666666666666
AKAM_10K_20241231,88,0.045454545454545456
AKAM_10K_20241231,132,0.0
AKAM_10K_20241231,164,0.06097560975609756
AKAM_10K_20241231,4,0.25
AKAM_10K_20241231,3,0.0
AKAM_10K_20241231,3,0.0
AKAM_10K_20241231,72,0.1111111111111111
AKAM_10K_20241231,3,0.3333333333333333
AKAM_10K_20241231,213,0.107981220657277
AKAM_10K_20241231,99,0.0
AKAM_10K_20241231,60,0.13333333333333333
AKAM_10K_20241231,36,0.1111111111111111
AKAM_10K_20241231,29,0.13793103448275862
AKAM_10K_20241231,83,0.04819277108433735
AKAM_10K_20241231,93,0.03225806451612903
AKAM_10K_20241231,138,0.014492753623188406
AKAM_10K_20241231,33,0.15151515151515152
AKAM_10K_20241231,11,0.0
AKAM_10K_20241231,34,0.23529411764705882
AKAM_10K_20241231,138,0.0
AKAM_10K_20241231,137,0.014598540145985401
AKAM_10K_20241231,5,0.2
AKAM_10K_20241231,80,0.0
AKAM_10K_20241231,3,0.3333333333333333
AKAM_10K_20241231,23,0.17391304347826086
AKAM_10K_20241231,25,0.12
AKAM_10K_20241231,27,0.14814814814814814
AKAM_10K_20241231,2,0.0
AKAM_10K_20241231,129,0.046511627906976744
AKAM_10K_20241231,27,0.1111111111111111
AKAM_10K_20241231,4,0.0
AKAM_10K_20241231,148,0.02027027027027027
AKAM_10K_20241231,10,0.0
AKAM_10K_20241231,103,0.21359223300970873
AKAM_10K_20241231,5,0.2
AKAM_10K_20241231,109,0.0
AKAM_10K_20241231,108,0.07407407407407407
AKAM_10K_20241231,3,0.0
AKAM_10K_20241231,5,0.2
AKAM_10K_20241231,21,0.19047619047619047
AKAM_10K_20241231,1,0.0
AKAM_10K_20241231,2,0.0
AKAM_10K_20241231,38,0.07894736842105263
AKAM_10K_20241231,5,0.2
AKAM_10K_20241231,6,0.0
AKAM_10K_20241231,9,0.0
AKAM_10K_20241231,106,0.03773584905660377
AKAM_10K_20241231,75,0.06666666666666667
AKAM_10K_20241231,45,0.08888888888888889
AKAM_10K_20241231,35,0.05714285714285714
AKAM_10K_20241231,4,0.25
AKAM_10K_20241231,6,0.0
AKAM_10K_20241231,2,0.0
AKAM_10K_20241231,4,0.25
AKAM_10K_20241231,7,0.14285714285714285
AKAM_10K_20241231,7,0.14285714285714285
AKAM_10K_20241231,2,0.0
AKAM_10K_20241231,6,0.16666666666666666
AKAM_10K_20241231,12,0.08333333333333333
AKAM_10K_20241231,88,0.2159090909090909
AKAM_10K_20241231,22,0.0
AKAM_10K_20241231,2,0.0
AKAM_10K_20241231,3,0.0
AKAM_10K_20241231,5,1.0
AKAM_10K_20241231,3,0.0
AKAM_10K_20241231,6,1.0
AKAM_10K_20241231,5,0.4
AKAM_10K_20241231,1,0.0
AKAM_10K_20241231,35,0.08571428571428572
AKAM_10K_20241231,35,0.02857142857142857
AKAM_10Q_20250930,2,0.0
AKAM_10Q_20250930,68,0.10294117647058823
AKAM_10Q_20250930,41,0.024390243902439025
AKAM_10Q_20250930,1,1.0
AKAM_10Q_20250930,4,0.0
AKAM_10Q_20250930,2,0.5
AKAM_10Q_20250930,4,0.0
AKAM_10Q_20250930,4,0.0
AKAM_10Q_20250930,4,0.0
AKAM_10Q_20250930,5,0.2
AKAM_10Q_20250930,13,0.0
AKAM_10Q_20250930,8,0.0
AKAM_10Q_20250930,5,0.0
AKAM_10Q_20250930,3,0.0
AKAM_10Q_20250930,3,0.0
AKAM_10Q_20250930,7,0.14285714285714285
AKAM_10Q_20250930,7,0.0
AKAM_10Q_20250930,82,0.0
AKAM_10Q_20250930,6,0.0
AKAM_10Q_20250930,54,0.05555555555555555
AKAM_10Q_20250930,5,0.4
AKAM_10Q_20250930,6,0.0
AKAM_10Q_20250930,46,0.043478260869565216
AKAM_10Q_20250930,5,0.4
AKAM_10Q_20250930,6,0.0
AKAM_10Q_20250930,6,0.0
AKAM_10Q_20250930,50,0.0
AKAM_10Q_20250930,13,0.0
AKAM_10Q_20250930,8,0.125
AKAM_10Q_20250930,99,0.0707070707070707
AKAM_10Q_20250930,3,0.0
AKAM_10Q_20250930,97,0.030927835051546393
AKAM_10Q_20250930,66,0.045454545454545456
AKAM_10Q_20250930,71,0.07042253521126761
AKAM_10Q_20250930,101,0.09900990099009901
AKAM_10Q_20250930,70,0.07142857142857142
AKAM_10Q_20250930,55,0.05454545454545454
AKAM_10Q_20250930,31,0.0
AKAM_10Q_20250930,38,0.0
AKAM_10Q_20250930,73,0.0410958904109589
AKAM_10Q_20250930,27,0.1111111111111111
AKAM_10Q_20250930,9,0.0
AKAM_10Q_20250930,101,0.1188118811881188
AKAM_10Q_20250930,129,0.015503875968992248
AKAM_10Q_20250930,22,0.18181818181818182
AKAM_10Q_20250930,32,0.09375
AKAM_10Q_20250930,33,0.0
AKAM_10Q_20250930,2,0.5
AKAM_10Q_20250930,3,0.0
AKAM_10Q_20250930,56,0.08928571428571429
AKAM_10Q_20250930,1,0.0
AKAM_10Q_20250930,94,0.0851063829787234
AKAM_10Q_20250930,44,0.0
AKAM_10Q_20250930,90,0.011111111111111112
AKAM_10Q_20250930,7,0.0
AKAM_10Q_20250930,4,0.0
AKAM_10Q_20250930,176,0.0
AKAM_10Q_20250930,4,0.0
AKAM_10Q_20250930,72,0.1111111111111111
AKAM_10Q_20250930,3,0.0
AKAM_10Q_20250930,114,0.07894736842105263
AKAM_10Q_20250930,112,0.09821428571428571
AKAM_10Q_20250930,116,0.10344827586206896
AKAM_10Q_20250930,98,0.16326530612244897
AKAM_10Q_20250930,79,0.0759493670886076
AKAM_10Q_20250930,2,0.0
AKAM_10Q_20250930,2,0.5
AKAM_10Q_20250930,87,0.034482758620689655
AKAM_10Q_20250930,80,0.0
AKAM_10Q_20250930,3,0.3333333333333333
AKAM_10Q_20250930,3,0.0
AKAM_10Q_20250930,3,0.0
AKAM_10Q_20250930,80,0.0875
AKAM_10Q_20250930,39,0.15384615384615385
AKAM_10Q_20250930,31,0.0967741935483871
AKAM_10Q_20250930,105,0.10476190476190476
AKAM_10Q_20250930,5,0.0
AKAM_10Q_20250930,31,0.06451612903225806
AKAM_10Q_20250930,6,0.16666666666666666
AKAM_10Q_20250930,84,0.047619047619047616
AKAM_10Q_20250930,94,0.031914893617021274
AKAM_10Q_20250930,6,0.0
AKAM_10Q_20250930,133,0.0
AKAM_10Q_20250930,164,0.054878048780487805
AKAM_10Q_20250930,3,0.3333333333333333
AKAM_10Q_20250930,61,0.0
AKAM_10Q_20250930,68,0.029411764705882353
AKAM_10Q_20250930,67,0.04477611940298507
AKAM_10Q_20250930,105,0.05714285714285714
AKAM_10Q_20250930,5,0.2
AKAM_10Q_20250930,109,0.0
AKAM_10Q_20250930,32,0.03125
AKAM_10Q_20250930,112,0.05357142857142857
AKAM_10Q_20250930,3,0.3333333333333333
AKAM_10Q_20250930,135,0.014814814814814815
AKAM_10Q_20250930,24,0.125
AKAM_10Q_20250930,2,0.0
AKAM_10Q_20250930,21,0.047619047619047616
AKAM_10Q_20250930,337,0.008902077151335312
AKAM_10Q_20250930,1,0.0
AKAM_10Q_20250930,177,0.0
AKAM_10Q_20250930,1,0.0
AKAM_10Q_20250930,41,0.0
AKAM_10Q_20250930,484,0.0
AKAM_10Q_20250930,2,0.0
AKAM_10Q_20250930,122,0.0
AKAM_10Q_20250930,3,0.0
AKAM_10Q_20250930,20,0.0
AKAM_10Q_20250930,56,0.05357142857142857
AKAM_10Q_20250930,85,0.03529411764705882
AKAM_10Q_20250930,88,0.03409090909090909
AKAM_10Q_20250930,57,0.05263157894736842
AKAM_10Q_20250930,7,0.14285714285714285
AKAM_10Q_20250930,28,0.10714285714285714
AKAM_10Q_20250930,87,0.05747126436781609
AKAM_10Q_20250930,124,0.08064516129032258
AKAM_10Q_20250930,28,0.10714285714285714
AKAM_10Q_20250930,135,0.05185185185185185
AKAM_10Q_20250930,38,0.05263157894736842
AKAM_10Q_20250930,84,0.19047619047619047
AKAM_10Q_20250930,68,0.029411764705882353
AKAM_10Q_20250930,85,0.03529411764705882
AKAM_10Q_20250930,184,0.08152173913043478
AKAM_10Q_20250930,69,0.0
AKAM_10Q_20250930,15,0.0
AKAM_10Q_20250930,107,0.056074766355140186
AKAM_10Q_20250930,136,0.029411764705882353
AKAM_10Q_20250930,132,0.03787878787878788
AKAM_10Q_20250930,5,0.0
AKAM_10Q_20250930,102,0.0
AKAM_10Q_20250930,94,0.0
AKAM_10Q_20250930,36,0.0
AKAM_10Q_20250930,670,0.0
AKAM_10Q_20250930,103,0.0
AKAM_10Q_20250930,21,0.0
AKAM_10Q_20250930,17,0.0
AKAM_10Q_20250930,2,0.0
AKAM_10Q_20250930,26,0.0
AKAM_10Q_20250930,129,0.0
AKAM_10Q_20250930,20,0.0
AKAM_10Q_20250930,2,0.0
AKAM_10Q_20250930,6,0.0
AKAM_10Q_20250930,6,0.0
AKAM_10Q_20250930,123,0.0
AKAM_10Q_20250930,4,0.0
AKAM_10Q_20250930,109,0.03669724770642202
AKAM_10Q_20250930,105,0.009523809523809525
AKAM_10Q_20250930,87,0.0
AKAM_10Q_20250930,30,0.0
AKAM_10Q_20250930,83,0.03614457831325301
AKAM_10Q_20250930,3,0.0
AKAM_10Q_20250930,90,0.1
AKAM_10Q_20250930,3,0.0
AKAM_10Q_20250930,94,0.0851063829787234
AKAM_10Q_20250930,80,0.0875
AKAM_10Q_20250930,90,0.13333333333333333
AKAM_10Q_20250930,84,0.05952380952380952
AKAM_10Q_20250930,2,0.0
AKAM_10Q_20250930,72,0.0
AKAM_10Q_20250930,2,0.0
AKAM_10Q_20250930,3,0.0
AKAM_10Q_20250930,142,0.04225352112676056
AKAM_10Q_20250930,5,0.0
AKAM_10Q_20250930,53,0.1320754716981132
AKAM_10Q_20250930,3,0.0
AKAM_10Q_20250930,148,0.033783783783783786
AKAM_10Q_20250930,39,0.10256410256410256
AKAM_10Q_20250930,91,0.0
AKAM_10Q_20250930,43,0.09302325581395349
AKAM_10Q_20250930,3,0.0
AKAM_10Q_20250930,115,0.0
AKAM_10Q_20250930,2,0.0
AKAM_10Q_20250930,136,0.014705882352941176
AKAM_10Q_20250930,2,0.0
AKAM_10Q_20250930,81,0.012345679012345678
AKAM_10Q_20250930,2,0.0
AKAM_10Q_20250930,89,0.07865168539325842
AKAM_10Q_20250930,5,0.2
AKAM_10Q_20250930,67,0.1044776119402985
AKAM_10Q_20250930,148,0.013513513513513514
AKAM_10Q_20250930,4,0.0
AKAM_10Q_20250930,4,0.25
AKAM_10Q_20250930,4,0.25
AKAM_10Q_20250930,49,0.0
AKAM_10Q_20250930,4,0.25
AKAM_10Q_20250930,126,0.007936507936507936
AKAM_10Q_20250930,4,0.0
AKAM_10Q_20250930,110,0.0
AKAM_10Q_20250930,209,0.0
AKAM_10Q_20250930,109,0.0
AKAM_10Q_20250930,155,0.0
AKAM_10Q_20250930,163,0.0
AKAM_10Q_20250930,74,0.0
AKAM_10Q_20250930,174,0.0
AKAM_10Q_20250930,98,0.0
AKAM_10Q_20250930,272,0.0
AKAM_10Q_20250930,71,0.0
AKAM_10Q_20250930,144,0.0
AKAM_10Q_20250930,175,0.0
AKAM_10Q_20250930,39,0.0
AKAM_10Q_20250930,88,0.0
AKAM_10Q_20250930,89,0.0
AKAM_10Q_20250930,178,0.0
AKAM_10Q_20250930,186,0.0
AKAM_10Q_20250930,335,0.0
AKAM_10Q_20250930,34,0.0
AKAM_10Q_20250930,174,0.005747126436781609
AKAM_10Q_20250930,185,0.0
AKAM_10Q_20250930,90,0.0
AKAM_10Q_20250930,391,0.0
AKAM_10Q_20250930,151,0.0
AKAM_10Q_20250930,226,0.0
AKAM_10Q_20250930,154,0.0
AKAM_10Q_20250930,29,0.0
AKAM_10Q_20250930,28,0.0
AKAM_10Q_20250930,224,0.0
AKAM_10Q_20250930,231,0.0
AKAM_10Q_20250930,242,0.004132231404958678
AKAM_10Q_20250930,27,0.0
AKAM_10Q_20250930,161,0.0
AKAM_10Q_20250930,246,0.0
AKAM_10Q_20250930,260,0.007692307692307693
AKAM_10Q_20250930,222,0.013513513513513514
AKAM_10Q_20250930,8,0.0
AKAM_10Q_20250930,173,0.023121387283236993
AKAM_10Q_20250930,103,0.05825242718446602
AKAM_10Q_20250930,129,0.0
AKAM_10Q_20250930,154,0.006493506493506494
AKAM_10Q_20250930,228,0.0
AKAM_10Q_20250930,173,0.0
AKAM_10Q_20250930,278,0.0
AKAM_10Q_20250930,19,0.0
AKAM_10Q_20250930,291,0.0
AKAM_10Q_20250930,4,0.0
AKAM_10Q_20250930,75,0.0
AKAM_10Q_20250930,177,0.005649717514124294
AKAM_10Q_20250930,95,0.0
AKAM_10Q_20250930,136,0.0
AKAM_10Q_20250930,39,0.0
AKAM_10Q_20250930,38,0.0
AKAM_10Q_20250930,8,0.0
AKAM_10Q_20250930,144,0.0
AKAM_10Q_20250930,95,0.0
AKAM_10Q_20250930,99,0.0
AKAM_10Q_20250930,23,0.0
AKAM_10Q_20250930,6,0.0
AKAM_10Q_20250930,139,0.0
AKAM_10Q_20250930,257,0.0038910505836575876
AKAM_10Q_20250930,113,0.0
AKAM_10Q_20250930,30,0.0
AKAM_10Q_20250930,2,0.0
AKAM_10Q_20250930,15,0.0
AKAM_10Q_20250930,221,0.0
AKAM_10Q_20250930,173,0.0
AKAM_10Q_20250930,359,0.04178272980501393
AKAM_10Q_20250930,121,0.0
AKAM_10Q_20250930,120,0.0
AKAM_10Q_20250930,76,0.013157894736842105
AKAM_10Q_20250930,173,0.017341040462427744
AKAM_10Q_20250930,6,0.0
AKAM_10Q_20250930,4,0.25
AKAM_10Q_20250930,6,0.0
AKAM_10Q_20250930,81,0.14814814814814814
AKAM_10Q_20250930,6,0.0
AKAM_10Q_20250930,112,0.15178571428571427
AKAM_10Q_20250930,3,0.0
